#
# A fatal error has been detected by the Java Runtime Environment:
#
#  EXCEPTION_ACCESS_VIOLATION (0xc0000005) at pc=0x00007ffa8e4c6a17, pid=5284, tid=8632
#
# JRE version: Java(TM) SE Runtime Environment (23.0.2+7) (build 23.0.2+7-58)
# Java VM: Java HotSpot(TM) 64-Bit Server VM (23.0.2+7-58, mixed mode, emulated-client, sharing, tiered, compressed oops, compressed class ptrs, g1 gc, windows-amd64)
# Problematic frame:
# V  [jvm.dll+0x7e6a17]
#
# No core dump will be written. Minidumps are not enabled by default on client versions of Windows
#
# If you would like to submit a bug report, please visit:
#   https://bugreport.java.com/bugreport/crash.jsp
#

---------------  S U M M A R Y ------------

Command Line: -XX:TieredStopAtLevel=1 com.example.SpringBoot.Application

Host: Intel(R) Celeron(R) 3205U @ 1.50GHz, 2 cores, 7G,  Windows 11 , 64 bit Build 22621 (10.0.22621.5415)
Time: Thu Oct 30 21:01:39 2025 Russie TZ 2 elapsed time: 3469.858273 seconds (0d 0h 57m 49s)

---------------  T H R E A D  ---------------

Current thread (0x000001a580462130):  JavaThread "http-nio-8080-exec-5" daemon [_thread_in_vm, id=8632, stack(0x0000005417700000,0x0000005417800000) (1024K)]

Stack: [0x0000005417700000,0x0000005417800000],  sp=0x00000054177f8020,  free space=992k
Native frames: (J=compiled Java code, j=interpreted, Vv=VM code, C=native code)
V  [jvm.dll+0x7e6a17]  (no source info available)
V  [jvm.dll+0x7e916d]  (no source info available)
V  [jvm.dll+0x7e90b3]  (no source info available)
V  [jvm.dll+0x20ebf3]  (no source info available)
V  [jvm.dll+0x20d8e9]  (no source info available)
V  [jvm.dll+0x212af0]  (no source info available)
V  [jvm.dll+0x20822e]  (no source info available)
V  [jvm.dll+0x5be93f]  (no source info available)
V  [jvm.dll+0x7f4016]  (no source info available)
V  [jvm.dll+0x475ed6]  (no source info available)
V  [jvm.dll+0x47bd78]  (no source info available)
C  [java.dll+0x17d4]  (no source info available)
C  0x000001a5b05a7ff9  (no source info available)

The last pc belongs to native nmethod (printed below).
Java frames: (J=compiled Java code, j=interpreted, Vv=VM code)
J 627  java.lang.ClassLoader.defineClass1(Ljava/lang/ClassLoader;Ljava/lang/String;[BIILjava/security/ProtectionDomain;Ljava/lang/String;)Ljava/lang/Class; java.base@23.0.2 (0 bytes) @ 0x000001a5b05a7f61 [0x000001a5b05a7ea0+0x00000000000000c1]
J 975 c1 java.lang.ClassLoader.defineClass(Ljava/lang/String;[BIILjava/security/ProtectionDomain;)Ljava/lang/Class; java.base@23.0.2 (43 bytes) @ 0x000001a5b061737c [0x000001a5b0617260+0x000000000000011c]
J 960 c1 jdk.internal.loader.BuiltinClassLoader.defineClass(Ljava/lang/String;Ljdk/internal/loader/Resource;)Ljava/lang/Class; java.base@23.0.2 (121 bytes) @ 0x000001a5b0612cec [0x000001a5b0612740+0x00000000000005ac]
J 959 c1 jdk.internal.loader.BuiltinClassLoader.findClassOnClassPathOrNull(Ljava/lang/String;)Ljava/lang/Class; java.base@23.0.2 (64 bytes) @ 0x000001a5b061162c [0x000001a5b0611360+0x00000000000002cc]
J 461 c1 jdk.internal.loader.BuiltinClassLoader.loadClassOrNull(Ljava/lang/String;Z)Ljava/lang/Class; java.base@23.0.2 (143 bytes) @ 0x000001a5b0573a04 [0x000001a5b05735e0+0x0000000000000424]
J 727 c1 jdk.internal.loader.ClassLoaders$AppClassLoader.loadClass(Ljava/lang/String;Z)Ljava/lang/Class; java.base@23.0.2 (40 bytes) @ 0x000001a5b05c7e0c [0x000001a5b05c7dc0+0x000000000000004c]
J 726 c1 java.lang.ClassLoader.loadClass(Ljava/lang/String;)Ljava/lang/Class; java.base@23.0.2 (7 bytes) @ 0x000001a5b05c7af4 [0x000001a5b05c7aa0+0x0000000000000054]
v  ~StubRoutines::call_stub 0x000001a5b0340fd5
J 627  java.lang.ClassLoader.defineClass1(Ljava/lang/ClassLoader;Ljava/lang/String;[BIILjava/security/ProtectionDomain;Ljava/lang/String;)Ljava/lang/Class; java.base@23.0.2 (0 bytes) @ 0x000001a5b05a7f61 [0x000001a5b05a7ea0+0x00000000000000c1]
J 975 c1 java.lang.ClassLoader.defineClass(Ljava/lang/String;[BIILjava/security/ProtectionDomain;)Ljava/lang/Class; java.base@23.0.2 (43 bytes) @ 0x000001a5b061737c [0x000001a5b0617260+0x000000000000011c]
J 960 c1 jdk.internal.loader.BuiltinClassLoader.defineClass(Ljava/lang/String;Ljdk/internal/loader/Resource;)Ljava/lang/Class; java.base@23.0.2 (121 bytes) @ 0x000001a5b0612cec [0x000001a5b0612740+0x00000000000005ac]
J 959 c1 jdk.internal.loader.BuiltinClassLoader.findClassOnClassPathOrNull(Ljava/lang/String;)Ljava/lang/Class; java.base@23.0.2 (64 bytes) @ 0x000001a5b061162c [0x000001a5b0611360+0x00000000000002cc]
J 461 c1 jdk.internal.loader.BuiltinClassLoader.loadClassOrNull(Ljava/lang/String;Z)Ljava/lang/Class; java.base@23.0.2 (143 bytes) @ 0x000001a5b0573a04 [0x000001a5b05735e0+0x0000000000000424]
J 727 c1 jdk.internal.loader.ClassLoaders$AppClassLoader.loadClass(Ljava/lang/String;Z)Ljava/lang/Class; java.base@23.0.2 (40 bytes) @ 0x000001a5b05c7e0c [0x000001a5b05c7dc0+0x000000000000004c]
J 726 c1 java.lang.ClassLoader.loadClass(Ljava/lang/String;)Ljava/lang/Class; java.base@23.0.2 (7 bytes) @ 0x000001a5b05c7af4 [0x000001a5b05c7aa0+0x0000000000000054]
v  ~StubRoutines::call_stub 0x000001a5b0340fd5
j  org.hibernate.query.sqm.sql.StandardSqmTranslatorFactory.createSelectTranslator(Lorg/hibernate/query/sqm/tree/select/SqmSelectStatement;Lorg/hibernate/query/spi/QueryOptions;Lorg/hibernate/query/sqm/internal/DomainParameterXref;Lorg/hibernate/query/spi/QueryParameterBindings;Lorg/hibernate/engine/spi/LoadQueryInfluencers;Lorg/hibernate/sql/ast/spi/SqlAstCreationContext;Z)Lorg/hibernate/query/sqm/sql/SqmTranslator;+0
j  org.hibernate.query.sqm.internal.ConcreteSqmSelectQueryPlan.buildCacheableSqmInterpretation(Lorg/hibernate/query/sqm/tree/select/SqmSelectStatement;Lorg/hibernate/query/sqm/internal/DomainParameterXref;Lorg/hibernate/query/spi/DomainQueryExecutionContext;)Lorg/hibernate/query/sqm/internal/ConcreteSqmSelectQueryPlan$CacheableSqmInterpretation;+55
j  org.hibernate.query.sqm.internal.ConcreteSqmSelectQueryPlan.withCacheableSqmInterpretation(Lorg/hibernate/query/spi/DomainQueryExecutionContext;Ljava/lang/Object;Lorg/hibernate/query/sqm/internal/ConcreteSqmSelectQueryPlan$SqmInterpreter;)Ljava/lang/Object;+50
j  org.hibernate.query.sqm.internal.ConcreteSqmSelectQueryPlan.performList(Lorg/hibernate/query/spi/DomainQueryExecutionContext;)Ljava/util/List;+28
j  org.hibernate.query.sqm.internal.QuerySqmImpl.doList()Ljava/util/List;+65
j  org.hibernate.query.spi.AbstractSelectionQuery.list()Ljava/util/List;+8
j  org.hibernate.query.Query.getResultList()Ljava/util/List;+1
j  org.springframework.data.jpa.repository.query.JpaQueryExecution$CollectionExecution.doExecute(Lorg/springframework/data/jpa/repository/query/AbstractJpaQuery;Lorg/springframework/data/jpa/repository/query/JpaParametersParameterAccessor;)Ljava/lang/Object;+5
j  org.springframework.data.jpa.repository.query.JpaQueryExecution.execute(Lorg/springframework/data/jpa/repository/query/AbstractJpaQuery;Lorg/springframework/data/jpa/repository/query/JpaParametersParameterAccessor;)Ljava/lang/Object;+15
j  org.springframework.data.jpa.repository.query.AbstractJpaQuery.doExecute(Lorg/springframework/data/jpa/repository/query/JpaQueryExecution;[Ljava/lang/Object;)Ljava/lang/Object;+9
j  org.springframework.data.jpa.repository.query.AbstractJpaQuery.execute([Ljava/lang/Object;)Ljava/lang/Object;+6
j  org.springframework.data.repository.core.support.RepositoryMethodInvoker$RepositoryQueryMethodInvoker$$Lambda+0x000001a5b9aada20.invoke([Ljava/lang/Object;)Ljava/lang/Object;+5
j  org.springframework.data.repository.core.support.RepositoryMethodInvoker.doInvoke(Ljava/lang/Class;Lorg/springframework/data/repository/core/support/RepositoryInvocationMulticaster;[Ljava/lang/Object;)Ljava/lang/Object;+11
j  org.springframework.data.repository.core.support.RepositoryMethodInvoker.invoke(Ljava/lang/Class;Lorg/springframework/data/repository/core/support/RepositoryInvocationMulticaster;[Ljava/lang/Object;)Ljava/lang/Object;+4
j  org.springframework.data.repository.core.support.QueryExecutorMethodInterceptor.doInvoke(Lorg/aopalliance/intercept/MethodInvocation;)Ljava/lang/Object;+83
j  org.springframework.data.repository.core.support.QueryExecutorMethodInterceptor.invoke(Lorg/aopalliance/intercept/MethodInvocation;)Ljava/lang/Object;+46
j  org.springframework.aop.framework.ReflectiveMethodInvocation.proceed()Ljava/lang/Object;+120
j  org.springframework.data.projection.DefaultMethodInvokingMethodInterceptor.invoke(Lorg/aopalliance/intercept/MethodInvocation;)Ljava/lang/Object;+15
j  org.springframework.aop.framework.ReflectiveMethodInvocation.proceed()Ljava/lang/Object;+120
j  org.springframework.transaction.interceptor.TransactionInterceptor$$Lambda+0x000001a5b9aad1a0.proceedWithInvocation()Ljava/lang/Object;+4
j  org.springframework.transaction.interceptor.TransactionAspectSupport.invokeWithinTransaction(Ljava/lang/reflect/Method;Ljava/lang/Class;Lorg/springframework/transaction/interceptor/TransactionAspectSupport$InvocationCallback;)Ljava/lang/Object;+193
j  org.springframework.transaction.interceptor.TransactionInterceptor.invoke(Lorg/aopalliance/intercept/MethodInvocation;)Ljava/lang/Object;+42
j  org.springframework.aop.framework.ReflectiveMethodInvocation.proceed()Ljava/lang/Object;+120
j  org.springframework.dao.support.PersistenceExceptionTranslationInterceptor.invoke(Lorg/aopalliance/intercept/MethodInvocation;)Ljava/lang/Object;+1
j  org.springframework.aop.framework.ReflectiveMethodInvocation.proceed()Ljava/lang/Object;+120
j  org.springframework.data.jpa.repository.support.CrudMethodMetadataPostProcessor$CrudMethodMetadataPopulatingMethodInterceptor.invoke(Lorg/aopalliance/intercept/MethodInvocation;)Ljava/lang/Object;+21
j  org.springframework.aop.framework.ReflectiveMethodInvocation.proceed()Ljava/lang/Object;+120
j  org.springframework.aop.framework.JdkDynamicAopProxy.invoke(Ljava/lang/Object;Ljava/lang/reflect/Method;[Ljava/lang/Object;)Ljava/lang/Object;+392
j  jdk.proxy6.$Proxy154.countPublishedPostsByCategoryLastMonth(Ljava/util/Date;Ljava/util/Date;)Ljava/util/List;+20 jdk.proxy6
j  com.example.SpringBoot.Services.PostServices.getPublishedPostsCountByCategoryLastMonth()Ljava/util/List;+42
j  com.example.SpringBoot.mainControllers.getPublishedPostsCount()Ljava/util/List;+4
J 6056 c1 java.lang.invoke.DirectMethodHandle$Holder.invokeVirtual(Ljava/lang/Object;Ljava/lang/Object;)Ljava/lang/Object; java.base@23.0.2 (14 bytes) @ 0x000001a5b0c2a7fc [0x000001a5b0c2a7a0+0x000000000000005c]
J 2627 c1 java.lang.invoke.LambdaForm$MH+0x000001a5b9038800.invoke(Ljava/lang/Object;Ljava/lang/Object;)Ljava/lang/Object; java.base@23.0.2 (35 bytes) @ 0x000001a5b080af2c [0x000001a5b080ae40+0x00000000000000ec]
J 4507 c1 jdk.internal.reflect.DirectMethodHandleAccessor.invoke(Ljava/lang/Object;[Ljava/lang/Object;)Ljava/lang/Object; java.base@23.0.2 (92 bytes) @ 0x000001a5b0a611fc [0x000001a5b0a60f00+0x00000000000002fc]
J 4568 c1 java.lang.reflect.Method.invoke(Ljava/lang/Object;[Ljava/lang/Object;)Ljava/lang/Object; java.base@23.0.2 (108 bytes) @ 0x000001a5b0a775d4 [0x000001a5b0a77400+0x00000000000001d4]
j  org.springframework.web.method.support.InvocableHandlerMethod.doInvoke([Ljava/lang/Object;)Ljava/lang/Object;+55
j  org.springframework.web.method.support.InvocableHandlerMethod.invokeForRequest(Lorg/springframework/web/context/request/NativeWebRequest;Lorg/springframework/web/method/support/ModelAndViewContainer;[Ljava/lang/Object;)Ljava/lang/Object;+82
j  org.springframework.web.servlet.mvc.method.annotation.ServletInvocableHandlerMethod.invokeAndHandle(Lorg/springframework/web/context/request/ServletWebRequest;Lorg/springframework/web/method/support/ModelAndViewContainer;[Ljava/lang/Object;)V+4
j  org.springframework.web.servlet.mvc.method.annotation.RequestMappingHandlerAdapter.invokeHandlerMethod(Ljakarta/servlet/http/HttpServletRequest;Ljakarta/servlet/http/HttpServletResponse;Lorg/springframework/web/method/HandlerMethod;)Lorg/springframework/web/servlet/ModelAndView;+309
j  org.springframework.web.servlet.mvc.method.annotation.RequestMappingHandlerAdapter.handleInternal(Ljakarta/servlet/http/HttpServletRequest;Ljakarta/servlet/http/HttpServletResponse;Lorg/springframework/web/method/HandlerMethod;)Lorg/springframework/web/servlet/ModelAndView;+81
j  org.springframework.web.servlet.mvc.method.AbstractHandlerMethodAdapter.handle(Ljakarta/servlet/http/HttpServletRequest;Ljakarta/servlet/http/HttpServletResponse;Ljava/lang/Object;)Lorg/springframework/web/servlet/ModelAndView;+7
j  org.springframework.web.servlet.DispatcherServlet.doDispatch(Ljakarta/servlet/http/HttpServletRequest;Ljakarta/servlet/http/HttpServletResponse;)V+304
j  org.springframework.web.servlet.DispatcherServlet.doService(Ljakarta/servlet/http/HttpServletRequest;Ljakarta/servlet/http/HttpServletResponse;)V+242
j  org.springframework.web.servlet.FrameworkServlet.processRequest(Ljakarta/servlet/http/HttpServletRequest;Ljakarta/servlet/http/HttpServletResponse;)V+70
j  org.springframework.web.servlet.FrameworkServlet.doGet(Ljakarta/servlet/http/HttpServletRequest;Ljakarta/servlet/http/HttpServletResponse;)V+3
j  jakarta.servlet.http.HttpServlet.service(Ljakarta/servlet/http/HttpServletRequest;Ljakarta/servlet/http/HttpServletResponse;)V+35
j  org.springframework.web.servlet.FrameworkServlet.service(Ljakarta/servlet/http/HttpServletRequest;Ljakarta/servlet/http/HttpServletResponse;)V+20
j  jakarta.servlet.http.HttpServlet.service(Ljakarta/servlet/ServletRequest;Ljakarta/servlet/ServletResponse;)V+37
j  org.apache.catalina.core.ApplicationFilterChain.internalDoFilter(Ljakarta/servlet/ServletRequest;Ljakarta/servlet/ServletResponse;)V+300
j  org.apache.catalina.core.ApplicationFilterChain.doFilter(Ljakarta/servlet/ServletRequest;Ljakarta/servlet/ServletResponse;)V+99
j  org.apache.tomcat.websocket.server.WsFilter.doFilter(Ljakarta/servlet/ServletRequest;Ljakarta/servlet/ServletResponse;Ljakarta/servlet/FilterChain;)V+21
j  org.apache.catalina.core.ApplicationFilterChain.internalDoFilter(Ljakarta/servlet/ServletRequest;Ljakarta/servlet/ServletResponse;)V+130
j  org.apache.catalina.core.ApplicationFilterChain.doFilter(Ljakarta/servlet/ServletRequest;Ljakarta/servlet/ServletResponse;)V+99
j  org.springframework.web.filter.CompositeFilter$VirtualFilterChain.doFilter(Ljakarta/servlet/ServletRequest;Ljakarta/servlet/ServletResponse;)V+22
j  org.springframework.security.web.FilterChainProxy.lambda$doFilterInternal$3(Lorg/springframework/security/web/firewall/FirewalledRequest;Ljakarta/servlet/FilterChain;Ljakarta/servlet/ServletRequest;Ljakarta/servlet/ServletResponse;)V+35
j  org.springframework.security.web.FilterChainProxy$$Lambda+0x000001a5b9a74598.doFilter(Ljakarta/servlet/ServletRequest;Ljakarta/servlet/ServletResponse;)V+10
j  org.springframework.security.web.FilterChainProxy$VirtualFilterChain.doFilter(Ljakarta/servlet/ServletRequest;Ljakarta/servlet/ServletResponse;)V+17
j  org.springframework.security.web.access.intercept.AuthorizationFilter.doFilter(Ljakarta/servlet/ServletRequest;Ljakarta/servlet/ServletResponse;Ljakarta/servlet/FilterChain;)V+147
j  org.springframework.security.web.FilterChainProxy$VirtualFilterChain.doFilter(Ljakarta/servlet/ServletRequest;Ljakarta/servlet/ServletResponse;)V+105
j  org.springframework.security.web.access.ExceptionTranslationFilter.doFilter(Ljakarta/servlet/http/HttpServletRequest;Ljakarta/servlet/http/HttpServletResponse;Ljakarta/servlet/FilterChain;)V+3
j  org.springframework.security.web.access.ExceptionTranslationFilter.doFilter(Ljakarta/servlet/ServletRequest;Ljakarta/servlet/ServletResponse;Ljakarta/servlet/FilterChain;)V+10
j  org.springframework.security.web.FilterChainProxy$VirtualFilterChain.doFilter(Ljakarta/servlet/ServletRequest;Ljakarta/servlet/ServletResponse;)V+105
j  org.springframework.security.web.authentication.AnonymousAuthenticationFilter.doFilter(Ljakarta/servlet/ServletRequest;Ljakarta/servlet/ServletResponse;Ljakarta/servlet/FilterChain;)V+33
j  org.springframework.security.web.FilterChainProxy$VirtualFilterChain.doFilter(Ljakarta/servlet/ServletRequest;Ljakarta/servlet/ServletResponse;)V+105
j  org.springframework.security.web.servletapi.SecurityContextHolderAwareRequestFilter.doFilter(Ljakarta/servlet/ServletRequest;Ljakarta/servlet/ServletResponse;Ljakarta/servlet/FilterChain;)V+19
j  org.springframework.security.web.FilterChainProxy$VirtualFilterChain.doFilter(Ljakarta/servlet/ServletRequest;Ljakarta/servlet/ServletResponse;)V+105
j  org.springframework.security.web.savedrequest.RequestCacheAwareFilter.doFilter(Ljakarta/servlet/ServletRequest;Ljakarta/servlet/ServletResponse;Ljakarta/servlet/FilterChain;)V+32
j  org.springframework.security.web.FilterChainProxy$VirtualFilterChain.doFilter(Ljakarta/servlet/ServletRequest;Ljakarta/servlet/ServletResponse;)V+105
j  org.springframework.security.web.authentication.logout.LogoutFilter.doFilter(Ljakarta/servlet/http/HttpServletRequest;Ljakarta/servlet/http/HttpServletResponse;Ljakarta/servlet/FilterChain;)V+83
j  org.springframework.security.web.authentication.logout.LogoutFilter.doFilter(Ljakarta/servlet/ServletRequest;Ljakarta/servlet/ServletResponse;Ljakarta/servlet/FilterChain;)V+10
j  org.springframework.security.web.FilterChainProxy$VirtualFilterChain.doFilter(Ljakarta/servlet/ServletRequest;Ljakarta/servlet/ServletResponse;)V+105
j  org.springframework.security.web.header.HeaderWriterFilter.doHeadersAfter(Ljakarta/servlet/http/HttpServletRequest;Ljakarta/servlet/http/HttpServletResponse;Ljakarta/servlet/FilterChain;)V+29
j  org.springframework.security.web.header.HeaderWriterFilter.doFilterInternal(Ljakarta/servlet/http/HttpServletRequest;Ljakarta/servlet/http/HttpServletResponse;Ljakarta/servlet/FilterChain;)V+21
j  org.springframework.web.filter.OncePerRequestFilter.doFilter(Ljakarta/servlet/ServletRequest;Ljakarta/servlet/ServletResponse;Ljakarta/servlet/FilterChain;)V+150
j  org.springframework.security.web.FilterChainProxy$VirtualFilterChain.doFilter(Ljakarta/servlet/ServletRequest;Ljakarta/servlet/ServletResponse;)V+105
j  org.springframework.security.web.context.SecurityContextHolderFilter.doFilter(Ljakarta/servlet/http/HttpServletRequest;Ljakarta/servlet/http/HttpServletResponse;Ljakarta/servlet/FilterChain;)V+59
j  org.springframework.security.web.context.SecurityContextHolderFilter.doFilter(Ljakarta/servlet/ServletRequest;Ljakarta/servlet/ServletResponse;Ljakarta/servlet/FilterChain;)V+10
j  org.springframework.security.web.FilterChainProxy$VirtualFilterChain.doFilter(Ljakarta/servlet/ServletRequest;Ljakarta/servlet/ServletResponse;)V+105
j  org.springframework.security.web.context.request.async.WebAsyncManagerIntegrationFilter.doFilterInternal(Ljakarta/servlet/http/HttpServletRequest;Ljakarta/servlet/http/HttpServletResponse;Ljakarta/servlet/FilterChain;)V+55
j  org.springframework.web.filter.OncePerRequestFilter.doFilter(Ljakarta/servlet/ServletRequest;Ljakarta/servlet/ServletResponse;Ljakarta/servlet/FilterChain;)V+150
j  org.springframework.security.web.FilterChainProxy$VirtualFilterChain.doFilter(Ljakarta/servlet/ServletRequest;Ljakarta/servlet/ServletResponse;)V+105
j  org.springframework.security.web.session.DisableEncodeUrlFilter.doFilterInternal(Ljakarta/servlet/http/HttpServletRequest;Ljakarta/servlet/http/HttpServletResponse;Ljakarta/servlet/FilterChain;)V+10
j  org.springframework.web.filter.OncePerRequestFilter.doFilter(Ljakarta/servlet/ServletRequest;Ljakarta/servlet/ServletResponse;Ljakarta/servlet/FilterChain;)V+150
j  org.springframework.security.web.FilterChainProxy$VirtualFilterChain.doFilter(Ljakarta/servlet/ServletRequest;Ljakarta/servlet/ServletResponse;)V+105
j  org.springframework.security.web.FilterChainProxy.doFilterInternal(Ljakarta/servlet/ServletRequest;Ljakarta/servlet/ServletResponse;Ljakarta/servlet/FilterChain;)V+163
j  org.springframework.security.web.FilterChainProxy.doFilter(Ljakarta/servlet/ServletRequest;Ljakarta/servlet/ServletResponse;Ljakarta/servlet/FilterChain;)V+48
j  org.springframework.web.filter.CompositeFilter$VirtualFilterChain.doFilter(Ljakarta/servlet/ServletRequest;Ljakarta/servlet/ServletResponse;)V+63
j  org.springframework.web.servlet.handler.HandlerMappingIntrospector.lambda$createCacheFilter$3(Ljakarta/servlet/ServletRequest;Ljakarta/servlet/ServletResponse;Ljakarta/servlet/FilterChain;)V+13
j  org.springframework.web.servlet.handler.HandlerMappingIntrospector$$Lambda+0x000001a5b9a15ef8.doFilter(Ljakarta/servlet/ServletRequest;Ljakarta/servlet/ServletResponse;Ljakarta/servlet/FilterChain;)V+7
j  org.springframework.web.filter.CompositeFilter$VirtualFilterChain.doFilter(Ljakarta/servlet/ServletRequest;Ljakarta/servlet/ServletResponse;)V+63
j  org.springframework.web.filter.CompositeFilter.doFilter(Ljakarta/servlet/ServletRequest;Ljakarta/servlet/ServletResponse;Ljakarta/servlet/FilterChain;)V+14
j  org.springframework.security.config.annotation.web.configuration.WebMvcSecurityConfiguration$CompositeFilterChainProxy.doFilter(Ljakarta/servlet/ServletRequest;Ljakarta/servlet/ServletResponse;Ljakarta/servlet/FilterChain;)V+7
j  org.springframework.web.filter.DelegatingFilterProxy.invokeDelegate(Ljakarta/servlet/Filter;Ljakarta/servlet/ServletRequest;Ljakarta/servlet/ServletResponse;Ljakarta/servlet/FilterChain;)V+5
j  org.springframework.web.filter.DelegatingFilterProxy.doFilter(Ljakarta/servlet/ServletRequest;Ljakarta/servlet/ServletResponse;Ljakarta/servlet/FilterChain;)V+98
j  org.apache.catalina.core.ApplicationFilterChain.internalDoFilter(Ljakarta/servlet/ServletRequest;Ljakarta/servlet/ServletResponse;)V+130
j  org.apache.catalina.core.ApplicationFilterChain.doFilter(Ljakarta/servlet/ServletRequest;Ljakarta/servlet/ServletResponse;)V+99
j  org.springframework.web.filter.RequestContextFilter.doFilterInternal(Ljakarta/servlet/http/HttpServletRequest;Ljakarta/servlet/http/HttpServletResponse;Ljakarta/servlet/FilterChain;)V+21
j  org.springframework.web.filter.OncePerRequestFilter.doFilter(Ljakarta/servlet/ServletRequest;Ljakarta/servlet/ServletResponse;Ljakarta/servlet/FilterChain;)V+150
j  org.apache.catalina.core.ApplicationFilterChain.internalDoFilter(Ljakarta/servlet/ServletRequest;Ljakarta/servlet/ServletResponse;)V+130
j  org.apache.catalina.core.ApplicationFilterChain.doFilter(Ljakarta/servlet/ServletRequest;Ljakarta/servlet/ServletResponse;)V+99
j  org.springframework.web.filter.FormContentFilter.doFilterInternal(Ljakarta/servlet/http/HttpServletRequest;Ljakarta/servlet/http/HttpServletResponse;Ljakarta/servlet/FilterChain;)V+38
j  org.springframework.web.filter.OncePerRequestFilter.doFilter(Ljakarta/servlet/ServletRequest;Ljakarta/servlet/ServletResponse;Ljakarta/servlet/FilterChain;)V+150
j  org.apache.catalina.core.ApplicationFilterChain.internalDoFilter(Ljakarta/servlet/ServletRequest;Ljakarta/servlet/ServletResponse;)V+130
j  org.apache.catalina.core.ApplicationFilterChain.doFilter(Ljakarta/servlet/ServletRequest;Ljakarta/servlet/ServletResponse;)V+99
j  org.springframework.web.filter.CharacterEncodingFilter.doFilterInternal(Ljakarta/servlet/http/HttpServletRequest;Ljakarta/servlet/http/HttpServletResponse;Ljakarta/servlet/FilterChain;)V+53
j  org.springframework.web.filter.OncePerRequestFilter.doFilter(Ljakarta/servlet/ServletRequest;Ljakarta/servlet/ServletResponse;Ljakarta/servlet/FilterChain;)V+150
j  org.apache.catalina.core.ApplicationFilterChain.internalDoFilter(Ljakarta/servlet/ServletRequest;Ljakarta/servlet/ServletResponse;)V+130
j  org.apache.catalina.core.ApplicationFilterChain.doFilter(Ljakarta/servlet/ServletRequest;Ljakarta/servlet/ServletResponse;)V+99
j  org.apache.catalina.core.StandardWrapperValve.invoke(Lorg/apache/catalina/connector/Request;Lorg/apache/catalina/connector/Response;)V+514
j  org.apache.catalina.core.StandardContextValve.invoke(Lorg/apache/catalina/connector/Request;Lorg/apache/catalina/connector/Response;)V+169
j  org.apache.catalina.authenticator.AuthenticatorBase.invoke(Lorg/apache/catalina/connector/Request;Lorg/apache/catalina/connector/Response;)V+221
j  org.apache.catalina.core.StandardHostValve.invoke(Lorg/apache/catalina/connector/Request;Lorg/apache/catalina/connector/Response;)V+131
j  org.apache.catalina.valves.ErrorReportValve.invoke(Lorg/apache/catalina/connector/Request;Lorg/apache/catalina/connector/Response;)V+6
j  org.apache.catalina.core.StandardEngineValve.invoke(Lorg/apache/catalina/connector/Request;Lorg/apache/catalina/connector/Response;)V+59
j  org.apache.catalina.connector.CoyoteAdapter.service(Lorg/apache/coyote/Request;Lorg/apache/coyote/Response;)V+188
j  org.apache.coyote.http11.Http11Processor.service(Lorg/apache/tomcat/util/net/SocketWrapperBase;)Lorg/apache/tomcat/util/net/AbstractEndpoint$Handler$SocketState;+796
j  org.apache.coyote.AbstractProcessorLight.process(Lorg/apache/tomcat/util/net/SocketWrapperBase;Lorg/apache/tomcat/util/net/SocketEvent;)Lorg/apache/tomcat/util/net/AbstractEndpoint$Handler$SocketState;+155
j  org.apache.coyote.AbstractProtocol$ConnectionHandler.process(Lorg/apache/tomcat/util/net/SocketWrapperBase;Lorg/apache/tomcat/util/net/SocketEvent;)Lorg/apache/tomcat/util/net/AbstractEndpoint$Handler$SocketState;+482
j  org.apache.tomcat.util.net.NioEndpoint$SocketProcessor.doRun()V+249
j  org.apache.tomcat.util.net.SocketProcessorBase.run()V+32
j  org.apache.tomcat.util.threads.ThreadPoolExecutor.runWorker(Lorg/apache/tomcat/util/threads/ThreadPoolExecutor$Worker;)V+92
j  org.apache.tomcat.util.threads.ThreadPoolExecutor$Worker.run()V+5
j  org.apache.tomcat.util.threads.TaskThread$WrappingRunnable.run()V+4
j  java.lang.Thread.runWith(Ljava/lang/Object;Ljava/lang/Runnable;)V+5 java.base@23.0.2
j  java.lang.Thread.run()V+19 java.base@23.0.2
v  ~StubRoutines::call_stub 0x000001a5b0340fd5

siginfo: EXCEPTION_ACCESS_VIOLATION (0xc0000005), reading address 0x00000000fd32026c


Registers:
RAX=0x0000000000000000, RBX=0x00000000fd320260, RCX=0x000000000000000e, RDX=0x0000000000000001
RSP=0x00000054177f8020, RBP=0x0000000000000002, RSI=0x00000054177f80e0, RDI=0x0000000000000001
R8 =0x0000000000000000, R9 =0x0000000000000000, R10=0x0000000000000065, R11=0x000000000000000e
R12=0x0000000000000000, R13=0x000001a580462130, R14=0x00000054177f80a0, R15=0x000001a5b75d4040
RIP=0x00007ffa8e4c6a17, EFLAGS=0x0000000000010202


Register to memory mapping:

RAX=0x0 is null
RBX=0x00000000fd320260 is an unallocated location in the heap
RCX=0x000000000000000e is an unknown value
RDX=0x0000000000000001 is an unknown value
RSP=0x00000054177f8020 is pointing into the stack for thread: 0x000001a580462130
RBP=0x0000000000000002 is an unknown value
RSI=0x00000054177f80e0 is pointing into the stack for thread: 0x000001a580462130
RDI=0x0000000000000001 is an unknown value
R8 =0x0 is null
R9 =0x0 is null
R10=0x0000000000000065 is an unknown value
R11=0x000000000000000e is an unknown value
R12=0x0 is null
R13=0x000001a580462130 is a thread
R14=0x00000054177f80a0 is pointing into the stack for thread: 0x000001a580462130
R15=0x000001a5b75d4040 points into unknown readable memory: 0x000001a5b75c6b30 | 30 6b 5c b7 a5 01 00 00

Top of Stack: (sp=0x00000054177f8020)
0x00000054177f8020:   000001a5ffa85a70 000001a58041ac90
0x00000054177f8030:   000001a58041ac40 00000000000003d8
0x00000054177f8040:   000000000000000e 000001a580188dc8
0x00000054177f8050:   0000000000000e66 000000000000000e
0x00000054177f8060:   000000006a6ca4ca 00007ffa8e4c916d
0x00000054177f8070:   000001a580188db0 000001a580647d91
0x00000054177f8080:   000000000000000e 00000054177f80e0
0x00000054177f8090:   00000054177f80e8 000001a580188dc8
0x00000054177f80a0:   000000006a6ca4ca 00007ffa0000000e
0x00000054177f80b0:   000001a580647d91 00000054177f8210
0x00000054177f80c0:   000000000000000e 000001a580647d91
0x00000054177f80d0:   00000054177f8210 00007ffa8e4c90b3
0x00000054177f80e0:   0000000000000000 000001a580647d00
0x00000054177f80f0:   000000006a6ca4ca 000000000000000e
0x00000054177f8100:   00000054177f8590 00007ffa8deeebf3
0x00000054177f8110:   000001a580462130 000001a580647d91
0x00000054177f8120:   000001a5fcbf0000 000001a5fcbf0000
0x00000054177f8130:   00000054177f8200 00000054177f81e0
0x00000054177f8140:   00000054177f81c0 0000000000000001
0x00000054177f8150:   00001d8e00000001 00007ffa8e6b98a8
0x00000054177f8160:   000001a580630fb0 000001a580684138
0x00000054177f8170:   000001a580647d9f 00000054177f8aa0
0x00000054177f8180:   000001a5fd1c0001 0000000000000e66
0x00000054177f8190:   000001a5fcbf7378 00007ffa6a6ca4ca
0x00000054177f81a0:   0000000000000001 000001a5fcbf0000
0x00000054177f81b0:   000001a580462130 00000054177f8910
0x00000054177f81c0:   14bbc309cbf82b89 26a94a0fc5452c2a
0x00000054177f81d0:   d2b21ed756e2f677 539ef474947b341b
0x00000054177f81e0:   00000e4d00000e64 00000e5200000e4e
0x00000054177f81f0:   00000e5c00000e58 00000e6300000e5d
0x00000054177f8200:   0000000d0000000b 0000007500000048
0x00000054177f8210:   000000770000006f 0000006d00000010 

Instructions: (pc=0x00007ffa8e4c6a17)
0x00007ffa8e4c6917:   13 00 48 81 c4 98 08 00 00 41 5f 41 5e 5f 5e 5d
0x00007ffa8e4c6927:   5b c3 4c 8d 0d 30 40 21 00 ba e5 03 00 00 4c 8d
0x00007ffa8e4c6937:   05 9c 40 21 00 48 8d 0d dd ce 20 00 e8 e8 45 a9
0x00007ffa8e4c6947:   ff cc cc cc cc cc cc cc cc 48 89 5c 24 08 48 89
0x00007ffa8e4c6957:   6c 24 10 48 89 74 24 18 4c 89 4c 24 20 57 41 54
0x00007ffa8e4c6967:   41 55 41 56 41 57 48 83 ec 20 4c 8b a2 a8 01 00
0x00007ffa8e4c6977:   00 49 8b f1 4d 8b f0 4c 8b ea 4c 8b f9 49 8b c4
0x00007ffa8e4c6987:   41 f6 c4 01 75 0b 48 8b 05 5c 51 46 00 48 83 c8
0x00007ffa8e4c6997:   01 48 89 82 a8 01 00 00 e8 3c 9c ee ff 90 45 33
0x00007ffa8e4c69a7:   c0 49 8b 47 50 48 85 c0 74 0d 4d 89 47 50 e8 26
0x00007ffa8e4c69b7:   9c ee ff 45 33 c0 90 49 8b 47 10 40 32 ff 49 8b
0x00007ffa8e4c69c7:   16 48 8b 48 18 48 8b 00 48 23 ca 48 8d 1c c8 48
0x00007ffa8e4c69d7:   8b 04 c8 d0 e8 a8 01 74 12 49 8b 47 18 48 8b 48
0x00007ffa8e4c69e7:   18 48 8b 00 48 23 ca 48 8d 1c c8 48 8b 1b 49 8b
0x00007ffa8e4c69f7:   e8 48 83 e3 fc 74 69 ba 01 00 00 00 0f 1f 40 00
0x00007ffa8e4c6a07:   66 0f 1f 84 00 00 00 00 00 49 63 4e 08 48 ff c5
0x00007ffa8e4c6a17:   0f b7 43 0c 3b c1 75 26 49 8b 56 10 4c 8b c1 48
0x00007ffa8e4c6a27:   8d 4b 0e e8 7b 7e 13 00 85 c0 75 0d 48 8d 4b 08
0x00007ffa8e4c6a37:   e8 f4 f9 ff ff 84 c0 75 1f ba 01 00 00 00 40 84
0x00007ffa8e4c6a47:   ff 75 0d 8b 43 08 66 85 c0 40 0f b6 ff 0f 44 fa
0x00007ffa8e4c6a57:   48 8b 1b 48 85 db 75 b1 48 8b 74 24 68 45 33 c0
0x00007ffa8e4c6a67:   48 8b 54 24 70 48 8d 4b 08 48 85 db 49 0f 44 c8
0x00007ffa8e4c6a77:   48 85 d2 74 09 49 3b 6f 30 0f 97 c0 88 02 48 85
0x00007ffa8e4c6a87:   c9 74 07 48 89 0e b0 01 eb 02 32 c0 48 8b 5c 24
0x00007ffa8e4c6a97:   50 48 8b 6c 24 58 48 8b 74 24 60 4d 89 a5 a8 01
0x00007ffa8e4c6aa7:   00 00 48 83 c4 20 41 5f 41 5e 41 5d 41 5c 5f c3
0x00007ffa8e4c6ab7:   cc cc cc cc cc cc cc cc cc 48 89 5c 24 10 55 56
0x00007ffa8e4c6ac7:   57 41 54 41 55 41 56 41 57 48 81 ec 90 08 00 00
0x00007ffa8e4c6ad7:   48 8b 05 1a 7c 42 00 48 33 c4 48 89 84 24 80 08
0x00007ffa8e4c6ae7:   00 00 48 8b 84 24 f8 08 00 00 40 32 f6 4d 8b 28
0x00007ffa8e4c6af7:   45 33 ff 48 89 44 24 70 4d 8b f1 48 8b 84 24 00
0x00007ffa8e4c6b07:   09 00 00 48 8b ea 48 89 44 24 78 4c 8b e1 4c 89 


Stack slot to memory mapping:

stack at sp + 0 slots: 0x000001a5ffa85a70 points into unknown readable memory: 0x0000000100000202 | 02 02 00 00 01 00 00 00
stack at sp + 1 slots: 0x000001a58041ac90 points into unknown readable memory: 0x4c28006d2a4e0001 | 01 00 4e 2a 6d 00 28 4c
stack at sp + 2 slots: 0x000001a58041ac40 points into unknown readable memory: 0x0000000000000000 | 00 00 00 00 00 00 00 00
stack at sp + 3 slots: 0x00000000000003d8 is an unknown value
stack at sp + 4 slots: 0x000000000000000e is an unknown value
stack at sp + 5 slots: 0x000001a580188dc8 points into unknown readable memory: 0x0000000000000000 | 00 00 00 00 00 00 00 00
stack at sp + 6 slots: 0x0000000000000e66 is an unknown value
stack at sp + 7 slots: 0x000000000000000e is an unknown value

Lock stack of current Java thread (top to bottom):
LockStack[2]: java.lang.Object 
{0x000000008dd71108} - klass: 'java/lang/Object'
 - ---- fields (total size 2 words):
LockStack[1]: java.lang.Object 
{0x000000008dd6e918} - klass: 'java/lang/Object'
 - ---- fields (total size 2 words):
LockStack[0]: org.hibernate.query.sqm.internal.ConcreteSqmSelectQueryPlan 
{0x000000008dd42f40} - klass: 'org/hibernate/query/sqm/internal/ConcreteSqmSelectQueryPlan'
 - ---- fields (total size 5 words):
 - private final 'sqm' 'Lorg/hibernate/query/sqm/tree/select/SqmSelectStatement;' @12  a 'org/hibernate/query/sqm/tree/select/SqmSelectStatement'{0x000000008c828910} (0x8c828910)
 - private final 'domainParameterXref' 'Lorg/hibernate/query/sqm/internal/DomainParameterXref;' @16  a 'org/hibernate/query/sqm/internal/DomainParameterXref'{0x000000008dfd0958} (0x8dfd0958)
 - private final 'rowTransformer' 'Lorg/hibernate/sql/results/spi/RowTransformer;' @20  a 'org/hibernate/sql/results/internal/RowTransformerStandardImpl'{0x000000008b33b540} (0x8b33b540)
 - private final 'executeQueryInterpreter' 'Lorg/hibernate/query/sqm/internal/ConcreteSqmSelectQueryPlan$SqmInterpreter;' @24  a 'org/hibernate/query/sqm/internal/ConcreteSqmSelectQueryPlan$$Lambda+0x000001a5b913cc00'{0x000000008dd4eec0} (0x8dd4eec0)
 - private final 'listInterpreter' 'Lorg/hibernate/query/sqm/internal/ConcreteSqmSelectQueryPlan$SqmInterpreter;' @28  a 'org/hibernate/query/sqm/internal/ConcreteSqmSelectQueryPlan$$Lambda+0x000001a5b9095400'{0x000000008dd68540} (0x8dd68540)
 - private final 'scrollInterpreter' 'Lorg/hibernate/query/sqm/internal/ConcreteSqmSelectQueryPlan$SqmInterpreter;' @32  a 'org/hibernate/query/sqm/internal/ConcreteSqmSelectQueryPlan$$Lambda+0x000001a5b9018000'{0x000000008dd6e818} (0x8dd6e818)
 - private volatile 'cacheableSqmInterpretation' 'Lorg/hibernate/query/sqm/internal/ConcreteSqmSelectQueryPlan$CacheableSqmInterpretation;' @36  null (0x00000000)


Compiled method (n/a) 3470286  627     n 0       java.lang.ClassLoader::defineClass1 (native)
 total in heap  [0x000001a5b05a7d88,0x000001a5b05a8340] = 1464
 relocation     [0x000001a5b05a7e60,0x000001a5b05a7ea0] = 64
 main code      [0x000001a5b05a7ea0,0x000001a5b05a833d] = 1181
 stub code      [0x000001a5b05a833d,0x000001a5b05a8340] = 3

[Constant Pool (empty)]

[MachCode]
[Entry Point]
  # {method} {0x000001a5b84787c8} 'defineClass1' '(Ljava/lang/ClassLoader;Ljava/lang/String;[BIILjava/security/ProtectionDomain;Ljava/lang/String;)Ljava/lang/Class;' in 'java/lang/ClassLoader'
  # parm0:    rdx:rdx   = 'java/lang/ClassLoader'
  # parm1:    r8:r8     = 'java/lang/String'
  # parm2:    r9:r9     = '[B'
  # parm3:    rdi       = int
  # parm4:    rsi       = int
  # parm5:    rcx:rcx   = 'java/security/ProtectionDomain'
  # parm6:    [sp+0xa0]   = 'java/lang/String'  (sp of caller)
  0x000001a5b05a7ea0: 6690 448b | 5208 443b 

  0x000001a5b05a7ea8: ;   {runtime_call ic_miss_stub}
  0x000001a5b05a7ea8: 5008 0f85 | 3066 deff 
[Verified Entry Point]
  0x000001a5b05a7eb0: 8984 2400 | 80ff ff55 | 488b ec48 | 81ec 9000 | 0000 6690 | 4181 7f20 | 0d00 0000 

  0x000001a5b05a7ecc: ;   {runtime_call StubRoutines (final stubs)}
  0x000001a5b05a7ecc: 7405 e88d | f7dc ff48 | 837d 1000 | 488d 4510 | 480f 4445 | 1048 8944 | 2440 4889 | 4c24 7048 
  0x000001a5b05a7eec: 83f9 0048 | 8d44 2470 | 480f 4444 | 2470 4889 | 4424 3848 | 8974 2430 | 4889 7c24 | 284c 894c 
  0x000001a5b05a7f0c: 2458 4983 | f900 488d | 4424 5848 | 0f44 4424 | 5848 8944 | 2420 4c89 | 4424 5049 | 83f8 004c 
  0x000001a5b05a7f2c: 8d4c 2450 | 4c0f 444c | 2450 4889 | 5424 4848 | 83fa 004c | 8d44 2448 | 4c0f 4444 

  0x000001a5b05a7f48: ;   {oop(a 'java/lang/Class'{0x000000008a7c8fc0} = 'java/lang/ClassLoader')}
  0x000001a5b05a7f48: 2448 49be | c08f 7c8a | 0000 0000 | 4c89 7424 | 784c 8d74 | 2478 498b 

  0x000001a5b05a7f60: ; ImmutableOopMap {[72]=Oop [80]=Oop [88]=Oop [112]=Oop [120]=Oop [160]=Oop }
                      ;   {section_word}
  0x000001a5b05a7f60: d649 ba61 | 7f5a b0a5 | 0100 004d | 8997 a803 | 0000 4989 | a7a0 0300 

  0x000001a5b05a7f78: ;   {external_word}
  0x000001a5b05a7f78: 0049 ba41 | bd92 8efa | 7f00 0041 | 803a 000f | 844e 0000 | 0052 4150 

  0x000001a5b05a7f90: ;   {metadata({method} {0x000001a5b84787c8} 'defineClass1' '(Ljava/lang/ClassLoader;Ljava/lang/String;[BIILjava/security/ProtectionDomain;Ljava/lang/String;)Ljava/lang/Class;' in 'java/lang/ClassLoader')}
  0x000001a5b05a7f90: 4151 48ba | c087 47b8 | a501 0000 | 498b cf48 | 83ec 2040 | f6c4 0f0f | 8419 0000 | 0048 83ec 
  0x000001a5b05a7fb0: ;   {runtime_call}
  0x000001a5b05a7fb0: 0848 b8f0 | f042 8efa | 7f00 00ff | d048 83c4 | 08e9 0c00 

  0x000001a5b05a7fc4: ;   {runtime_call}
  0x000001a5b05a7fc4: 0000 48b8 | f0f0 428e | fa7f 0000 | ffd0 4883 | c420 4159 | 4158 5a49 | 8d8f c003 | 0000 41c7 
  0x000001a5b05a7fe4: 8744 0400 | 0004 0000 

  0x000001a5b05a7fec: ;   {runtime_call}
  0x000001a5b05a7fec: 0048 b894 | 169c b7fa | 7f00 00ff | d041 c787 | 4404 0000 | 0500 0000 | f083 4424 | c000 493b 
  0x000001a5b05a800c: af48 0400 | 000f 870e | 0000 0041 | 83bf 4004 | 0000 000f | 8428 0000 | 0048 8945 | f849 8bcf 
  0x000001a5b05a802c: 4c8b e448 | 83ec 2048 

  0x000001a5b05a8034: ;   {runtime_call}
  0x000001a5b05a8034: 83e4 f048 | b880 ab0c | 8efa 7f00 | 00ff d049 | 8be4 4d33 | e448 8b45 | f841 c787 | 4404 0000 
  0x000001a5b05a8054: 0800 0000 | 4183 bfc8 | 0400 0002 | 0f84 ad02 

  0x000001a5b05a8064: ;   {external_word}
  0x000001a5b05a8064: 0000 49ba | 41bd 928e | fa7f 0000 | 4180 3a00 | 0f84 4c00 | 0000 4889 

  0x000001a5b05a807c: ;   {metadata({method} {0x000001a5b84787c8} 'defineClass1' '(Ljava/lang/ClassLoader;Ljava/lang/String;[BIILjava/security/ProtectionDomain;Ljava/lang/String;)Ljava/lang/Class;' in 'java/lang/ClassLoader')}
  0x000001a5b05a807c: 45f8 48ba | c087 47b8 | a501 0000 | 498b cf48 | 83ec 2040 | f6c4 0f0f | 8419 0000 | 0048 83ec 
  0x000001a5b05a809c: ;   {runtime_call}
  0x000001a5b05a809c: 0848 b8f0 | f042 8efa | 7f00 00ff | d048 83c4 | 08e9 0c00 

  0x000001a5b05a80b0: ;   {runtime_call}
  0x000001a5b05a80b0: 0000 48b8 | f0f0 428e | fa7f 0000 | ffd0 4883 | c420 488b | 45f8 49c7 | 87a0 0300 | 0000 0000 
  0x000001a5b05a80d0: 0049 c787 | a803 0000 | 0000 0000 | 4885 c00f | 840b 0200 | 00a8 030f | 8508 0000 | 0048 8b00 
  0x000001a5b05a80f0: e9fb 0100 | 00a8 010f | 8509 0000 | 0048 8b40 | fee9 ea01 | 0000 488b | 40ff 4180 | 7f38 000f 
  0x000001a5b05a8110: 84db 0100 | 0048 83f8 | 000f 84d1 | 0100 0049 | 8b4f 2848 | 83f9 000f | 8414 0000 | 0048 83e9 
  0x000001a5b05a8130: 0849 894f | 2849 034f | 3048 8901 | e9af 0100 | 0048 81ec | d000 0000 | 4889 0424 | 4889 4c24 
  0x000001a5b05a8150: 0848 8954 | 2410 4889 | 7424 1848 | 897c 2420 | 4c89 4424 | 284c 894c | 2430 4c89 | 5424 384c 
  0x000001a5b05a8170: 895c 2440 | f20f 1144 | 2450 f20f | 114c 2458 | f20f 1154 | 2460 f20f | 115c 2468 | f20f 1164 
  0x000001a5b05a8190: 2470 f20f | 116c 2478 | f20f 11b4 | 2480 0000 | 00f2 0f11 | bc24 8800 | 0000 f244 | 0f11 8424 
  0x000001a5b05a81b0: ;   {no_reloc}
  0x000001a5b05a81b0: 9000 0000 | f244 0f11 | 8c24 9800 | 0000 f244 | 0f11 9424 | a000 0000 | f244 0f11 | 9c24 a800 
  0x000001a5b05a81d0: 0000 f244 | 0f11 a424 | b000 0000 | f244 0f11 | ac24 b800 | 0000 f244 | 0f11 b424 | c000 0000 
  0x000001a5b05a81f0: f244 0f11 | bc24 c800 | 0000 498b | d748 8bc8 | 4883 ec20 | 40f6 c40f | 0f84 1900 | 0000 4883 
  0x000001a5b05a8210: ;   {runtime_call}
  0x000001a5b05a8210: ec08 48b8 | 0009 008e | fa7f 0000 | ffd0 4883 | c408 e90c 

  0x000001a5b05a8224: ;   {runtime_call}
  0x000001a5b05a8224: 0000 0048 | b800 0900 | 8efa 7f00 | 00ff d048 | 83c4 20f2 | 440f 10bc | 24c8 0000 | 00f2 440f 
  0x000001a5b05a8244: 10b4 24c0 | 0000 00f2 | 440f 10ac | 24b8 0000 | 00f2 440f | 10a4 24b0 | 0000 00f2 | 440f 109c 
  0x000001a5b05a8264: 24a8 0000 | 00f2 440f | 1094 24a0 | 0000 00f2 | 440f 108c | 2498 0000 | 00f2 440f | 1084 2490 
  0x000001a5b05a8284: 0000 00f2 | 0f10 bc24 | 8800 0000 | f20f 10b4 | 2480 0000 | 00f2 0f10 | 6c24 78f2 | 0f10 6424 
  0x000001a5b05a82a4: 70f2 0f10 | 5c24 68f2 | 0f10 5424 | 60f2 0f10 | 4c24 58f2 | 0f10 4424 | 504c 8b5c | 2440 4c8b 
  0x000001a5b05a82c4: 5424 384c | 8b4c 2430 | 4c8b 4424 | 2848 8b7c | 2420 488b | 7424 1848 | 8b54 2410 | 488b 4c24 
  0x000001a5b05a82e4: 0848 8b04 | 2448 81c4 | d000 0000 | 498b 8f30 | 0400 00c7 | 8100 0100 | 0000 0000 | 00c9 4983 
  0x000001a5b05a8304: 7f08 000f | 8501 0000 

  0x000001a5b05a830c: ;   {runtime_call StubRoutines (initial stubs)}
  0x000001a5b05a830c: 00c3 e9ad | 8bd9 ff48 | 8945 f84c | 8be4 4883 | ec20 4883 

  0x000001a5b05a8320: ;   {runtime_call}
  0x000001a5b05a8320: e4f0 48b8 | a025 438e | fa7f 0000 | ffd0 498b | e44d 33e4 | 488b 45f8 | e929 fdff | fff4 f4f4 
[/MachCode]


Compiled method (c1) 3470305  975       1       java.lang.ClassLoader::defineClass (43 bytes)
 total in heap  [0x000001a5b0617108,0x000001a5b06174d8] = 976
 relocation     [0x000001a5b06171e0,0x000001a5b0617250] = 112
 main code      [0x000001a5b0617260,0x000001a5b0617420] = 448
 stub code      [0x000001a5b0617420,0x000001a5b0617498] = 120
 metadata       [0x000001a5b0617498,0x000001a5b06174d8] = 64
 immutable data [0x000001a5fd2206d0,0x000001a5fd220868] = 408
 dependencies   [0x000001a5fd2206d0,0x000001a5fd2206e8] = 24
 nul chk table  [0x000001a5fd2206e8,0x000001a5fd220710] = 40
 scopes pcs     [0x000001a5fd220710,0x000001a5fd2207b0] = 160
 scopes data    [0x000001a5fd2207b0,0x000001a5fd220868] = 184

[Constant Pool (empty)]

[MachCode]
[Instructions begin]
  0x000001a5b0617260: 6666 660f | 1f84 0000 | 0000 0066 | 6666 9066 | 6690 448b | 5208 443b 

  0x000001a5b0617278: ;   {runtime_call ic_miss_stub}
  0x000001a5b0617278: 5008 0f85 | 6072 d7ff 
[Verified Entry Point]
  0x000001a5b0617280: 8984 2400 | 80ff ff55 | 4881 ecb0 | 0000 0090 | 4181 7f20 | 0d00 0000 

  0x000001a5b0617298: ;   {runtime_call StubRoutines (final stubs)}
  0x000001a5b0617298: 7405 e8c1 | 03d6 ff48 | 8954 2478 | 89b4 2494 | 0000 0089 | bc24 9000 | 0000 4c89 | 8c24 8800 
  0x000001a5b06172b8: 0000 498b | d84c 8bc3 | 4c8b c948 | 8bca 488b | d148 899c | 2480 0000 | 0066 0f1f 

  0x000001a5b06172d4: ;   {optimized virtual_call}
  0x000001a5b06172d4: 4400 00e8 

  0x000001a5b06172d8: ; ImmutableOopMap {[120]=Oop [128]=Oop [136]=Oop }
                      ;*invokevirtual preDefineClass {reexecute=0 rethrow=0 return_oop=0}
                      ; - java.lang.ClassLoader::defineClass@4 (line 1024)
  0x000001a5b06172d8: 6404 0000 

  0x000001a5b06172dc: ;   {other}
  0x000001a5b06172dc: 0f1f 8400 | d401 0000 | 4889 8424 | 9800 0000 

  0x000001a5b06172ec: ; implicit exception: dispatches to 0x000001a5b06173ca
  0x000001a5b06172ec: 448b 4010 | 4d85 c00f | 850f 0000 

  0x000001a5b06172f8: ;   {oop(nullptr)}
  0x000001a5b06172f8: 0048 bb00 | 0000 0000 | 0000 00e9 | 3f00 0000 

  0x000001a5b0617308: ; implicit exception: dispatches to 0x000001a5b06173cf
  0x000001a5b0617308: 458b 400c | 4d85 c00f | 850f 0000 

  0x000001a5b0617314: ;   {oop(nullptr)}
  0x000001a5b0617314: 0048 bb00 | 0000 0000 | 0000 00e9 | 2300 0000 

  0x000001a5b0617324: ; implicit exception: dispatches to 0x000001a5b06173d4
  0x000001a5b0617324: 418b 5038 

  0x000001a5b0617328: ; implicit exception: dispatches to 0x000001a5b06173d9
  0x000001a5b0617328: 483b 020f 

  0x000001a5b061732c: ;   {optimized virtual_call}
  0x000001a5b061732c: 1f40 00e8 

  0x000001a5b0617330: ; ImmutableOopMap {[120]=Oop [128]=Oop [136]=Oop [152]=Oop }
                      ;*invokevirtual toExternalForm {reexecute=0 rethrow=0 return_oop=0}
                      ; - java.net.URL::toExternalForm@5 (line 1203)
                      ; - java.net.URL::toString@1 (line 1189)
                      ; - java.lang.ClassLoader::defineClassSourceLocation@22 (line 928)
                      ; - java.lang.ClassLoader::defineClass@12 (line 1025)
  0x000001a5b0617330: cc03 fcff 

  0x000001a5b0617334: ;   {other}
  0x000001a5b0617334: 0f1f 8400 | 2c02 0001 | 488b d848 | 8b84 2498 | 0000 008b | b424 9400 | 0000 8bbc | 2490 0000 
  0x000001a5b0617354: 004c 8b8c | 2488 0000 | 004c 8b84 | 2480 0000 | 0048 8b54 | 2478 4c8b | da49 8bd3 | 488b c848 
  0x000001a5b0617374: ;   {static_call}
  0x000001a5b0617374: 891c 24e8 

  0x000001a5b0617378: ; ImmutableOopMap {[120]=Oop [152]=Oop }
                      ;*invokestatic defineClass1 {reexecute=0 rethrow=0 return_oop=0}
                      ; - java.lang.ClassLoader::defineClass@27 (line 1026)
  0x000001a5b0617378: 340b f9ff 

  0x000001a5b061737c: ;   {other}
  0x000001a5b061737c: 0f1f 8400 | 7402 0002 | 4c8b c04c | 8b8c 2498 | 0000 0048 | 8b54 2478 | 4889 8424 | a000 0000 
  0x000001a5b061739c: ;   {optimized virtual_call}
  0x000001a5b061739c: 6666 90e8 

  0x000001a5b06173a0: ; ImmutableOopMap {[160]=Oop }
                      ;*invokevirtual postDefineClass {reexecute=0 rethrow=0 return_oop=0}
                      ; - java.lang.ClassLoader::defineClass@37 (line 1027)
  0x000001a5b06173a0: dc1d 0000 

  0x000001a5b06173a4: ;   {other}
  0x000001a5b06173a4: 0f1f 8400 | 9c02 0003 | 488b 8424 | a000 0000 | 4881 c4b0 | 0000 005d 

  0x000001a5b06173bc: ;   {poll_return}
  0x000001a5b06173bc: 493b a748 | 0400 000f | 8715 0000 

  0x000001a5b06173c8: ;   {runtime_call throw_null_pointer_exception Runtime1 stub}
  0x000001a5b06173c8: 00c3 e891 

  0x000001a5b06173cc: ; ImmutableOopMap {rax=Oop [120]=Oop [128]=Oop [136]=Oop [152]=Oop }
                      ;*invokevirtual getCodeSource {reexecute=0 rethrow=0 return_oop=0}
                      ; - java.lang.ClassLoader::defineClassSourceLocation@1 (line 925)
                      ; - java.lang.ClassLoader::defineClass@12 (line 1025)
                      ;   {runtime_call throw_null_pointer_exception Runtime1 stub}
  0x000001a5b06173cc: cfe2 ffe8 

  0x000001a5b06173d0: ; ImmutableOopMap {rax=Oop [120]=Oop [128]=Oop [136]=Oop [152]=Oop }
                      ;*invokevirtual getLocation {reexecute=0 rethrow=0 return_oop=0}
                      ; - java.lang.ClassLoader::defineClassSourceLocation@12 (line 927)
                      ; - java.lang.ClassLoader::defineClass@12 (line 1025)
  0x000001a5b06173d0: 8ccf e2ff 

  0x000001a5b06173d4: ;   {runtime_call throw_null_pointer_exception Runtime1 stub}
  0x000001a5b06173d4: e887 cfe2 

  0x000001a5b06173d8: ; ImmutableOopMap {r8=Oop [120]=Oop [128]=Oop [136]=Oop [152]=Oop }
                      ;*invokevirtual toString {reexecute=0 rethrow=0 return_oop=0}
                      ; - java.lang.ClassLoader::defineClassSourceLocation@22 (line 928)
                      ; - java.lang.ClassLoader::defineClass@12 (line 1025)
                      ;   {runtime_call throw_null_pointer_exception Runtime1 stub}
  0x000001a5b06173d8: ffe8 82cf 

  0x000001a5b06173dc: ; ImmutableOopMap {r8=Oop rdx=Oop [120]=Oop [128]=Oop [136]=Oop [152]=Oop }
                      ;*invokevirtual toExternalForm {reexecute=0 rethrow=0 return_oop=0}
                      ; - java.net.URL::toExternalForm@5 (line 1203)
                      ; - java.net.URL::toString@1 (line 1189)
                      ; - java.lang.ClassLoader::defineClassSourceLocation@22 (line 928)
                      ; - java.lang.ClassLoader::defineClass@12 (line 1025)
                      ;   {internal_word}
  0x000001a5b06173dc: e2ff 49ba | bc73 61b0 | a501 0000 | 4d89 9760 

  0x000001a5b06173ec: ;   {runtime_call SafepointBlob}
  0x000001a5b06173ec: 0400 00e9 | 6cdb d7ff | 498b 8700 | 0500 0049 | c787 0005 | 0000 0000 | 0000 49c7 | 8708 0500 
  0x000001a5b061740c: 0000 0000 | 0048 81c4 | b000 0000 

  0x000001a5b0617418: ;   {runtime_call unwind_exception Runtime1 stub}
  0x000001a5b0617418: 5de9 42c0 | e2ff f4f4 
[Stub Code]
  0x000001a5b0617420: ;   {no_reloc}
  0x000001a5b0617420: 0f1f 4400 

  0x000001a5b0617424: ;   {static_stub}
  0x000001a5b0617424: 0048 bb00 | 0000 0000 

  0x000001a5b061742c: ;   {runtime_call nmethod}
  0x000001a5b061742c: 0000 00e9 | fbff ffff 

  0x000001a5b0617434: ;   {static_stub}
  0x000001a5b0617434: 48bb 0000 | 0000 0000 

  0x000001a5b061743c: ;   {runtime_call nmethod}
  0x000001a5b061743c: 0000 e9fb 

  0x000001a5b0617440: ;   {static_stub}
  0x000001a5b0617440: ffff ff48 | bb00 0000 | 0000 0000 

  0x000001a5b061744c: ;   {runtime_call nmethod}
  0x000001a5b061744c: 00e9 fbff 

  0x000001a5b0617450: ;   {static_stub}
  0x000001a5b0617450: ffff 48bb | 0000 0000 | 0000 0000 

  0x000001a5b061745c: ;   {runtime_call nmethod}
  0x000001a5b061745c: e9fb ffff 

  0x000001a5b0617460: ;   {runtime_call handle_exception_from_callee Runtime1 stub}
  0x000001a5b0617460: ffe8 7af0 

  0x000001a5b0617464: ;   {external_word}
  0x000001a5b0617464: e2ff 48b9 | 40e5 6a8e | fa7f 0000 | 4883 e4f0 

  0x000001a5b0617474: ;   {runtime_call}
  0x000001a5b0617474: 48b8 504d | 318e fa7f | 0000 ffd0 

  0x000001a5b0617480: ;   {section_word}
  0x000001a5b0617480: f449 ba81 | 7461 b0a5 | 0100 0041 

  0x000001a5b061748c: ;   {runtime_call DeoptimizationBlob}
  0x000001a5b061748c: 52e9 6ed4 | d7ff f4f4 | f4f4 f4f4 
[/MachCode]


Compiled method (c1) 3470323  960       1       jdk.internal.loader.BuiltinClassLoader::defineClass (121 bytes)
 total in heap  [0x000001a5b0612508,0x000001a5b0613008] = 2816
 relocation     [0x000001a5b06125e0,0x000001a5b0612728] = 328
 main code      [0x000001a5b0612740,0x000001a5b0612e90] = 1872
 stub code      [0x000001a5b0612e90,0x000001a5b0612fb0] = 288
 metadata       [0x000001a5b0612fb0,0x000001a5b0613008] = 88
 immutable data [0x000001a5fd469780,0x000001a5fd469bd0] = 1104
 dependencies   [0x000001a5fd469780,0x000001a5fd4697a0] = 32
 nul chk table  [0x000001a5fd4697a0,0x000001a5fd4697c0] = 32
 handler table  [0x000001a5fd4697c0,0x000001a5fd4697d8] = 24
 scopes pcs     [0x000001a5fd4697d8,0x000001a5fd469978] = 416
 scopes data    [0x000001a5fd469978,0x000001a5fd469bd0] = 600

[Constant Pool (empty)]

[MachCode]
[Instructions begin]
  0x000001a5b0612740: 6666 660f | 1f84 0000 | 0000 0066 | 6666 9066 | 6690 448b | 5208 443b 

  0x000001a5b0612758: ;   {runtime_call ic_miss_stub}
  0x000001a5b0612758: 5008 0f85 | 80bd d7ff 
[Verified Entry Point]
  0x000001a5b0612760: 8984 2400 | 80ff ff55 | 4881 ec00 | 0100 0090 | 4181 7f20 | 0d00 0000 

  0x000001a5b0612778: ;   {runtime_call StubRoutines (final stubs)}
  0x000001a5b0612778: 7405 e8e1 | 4ed6 ff48 | 8994 24a0 | 0000 004c | 8984 2490 | 0000 004c | 898c 2498 | 0000 0049 
  0x000001a5b0612798: 8bd1 6666 | 9048 b8a0 | 0345 fda5 

  0x000001a5b06127a4: ;   {virtual_call}
  0x000001a5b06127a4: 0100 00e8 

  0x000001a5b06127a8: ; ImmutableOopMap {[144]=Oop [152]=Oop [160]=Oop }
                      ;*invokevirtual getCodeSourceURL {reexecute=0 rethrow=0 return_oop=0}
                      ; - jdk.internal.loader.BuiltinClassLoader::defineClass@1 (line 842)
  0x000001a5b06127a8: 0671 0000 

  0x000001a5b06127ac: ;   {other}
  0x000001a5b06127ac: 0f1f 8400 | a402 0000 | 4889 8424 | a800 0000 | 4c8b 8424 | 9000 0000 

  0x000001a5b06127c4: ; implicit exception: dispatches to 0x000001a5b0612d92
  0x000001a5b06127c4: 418b 7014 

  0x000001a5b06127c8: ; implicit exception: dispatches to 0x000001a5b0612d97
  0x000001a5b06127c8: 8b56 0c45 | 0fbe 4810 | 498b c9c1 | e118 c1f9 | 18d3 fa48 | 8bfa ffcf | 4585 c9ba | 0000 0000 
  0x000001a5b06127e8: 7505 ba01 | 0000 0083 | e201 85d2 | 488b d641 | b82e 0000 | 004c 8bcf | 0f84 1300 

  0x000001a5b0612804: ;   {static_call}
  0x000001a5b0612804: 0000 90e8 

  0x000001a5b0612808: ; ImmutableOopMap {[144]=Oop [152]=Oop [160]=Oop [168]=Oop }
                      ;*invokestatic lastIndexOf {reexecute=0 rethrow=0 return_oop=0}
                      ; - java.lang.String::lastIndexOf@13 (line 2664)
                      ; - java.lang.String::lastIndexOf@8 (line 2626)
                      ; - jdk.internal.loader.BuiltinClassLoader::defineClass@8 (line 845)
  0x000001a5b0612808: 9425 efff 

  0x000001a5b061280c: ;   {other}
  0x000001a5b061280c: 0f1f 8400 | 0403 0001 | e913 0000 | 0066 0f1f 

  0x000001a5b061281c: ;   {static_call}
  0x000001a5b061281c: 4400 00e8 

  0x000001a5b0612820: ; ImmutableOopMap {[144]=Oop [152]=Oop [160]=Oop [168]=Oop }
                      ;*invokestatic lastIndexOf {reexecute=0 rethrow=0 return_oop=0}
                      ; - java.lang.String::lastIndexOf@25 (line 2665)
                      ; - java.lang.String::lastIndexOf@8 (line 2626)
                      ; - jdk.internal.loader.BuiltinClassLoader::defineClass@8 (line 845)
  0x000001a5b0612820: bcc5 d7ff 

  0x000001a5b0612824: ;   {other}
  0x000001a5b0612824: 0f1f 8400 | 1c03 0002 | 83f8 ff0f | 847f 0000 | 0041 b800 | 0000 004c | 8bc8 488b | 9424 9000 
  0x000001a5b0612844: ;   {optimized virtual_call}
  0x000001a5b0612844: 0000 90e8 

  0x000001a5b0612848: ; ImmutableOopMap {[144]=Oop [152]=Oop [160]=Oop [168]=Oop }
                      ;*invokevirtual substring {reexecute=0 rethrow=0 return_oop=0}
                      ; - jdk.internal.loader.BuiltinClassLoader::defineClass@23 (line 847)
  0x000001a5b0612848: 3490 f0ff 

  0x000001a5b061284c: ;   {other}
  0x000001a5b061284c: 0f1f 8400 | 4403 0003 | 488b 9424 | 9800 0000 | 4889 8424 | b000 0000 | 9048 b8c8 | 0345 fda5 
  0x000001a5b061286c: ;   {virtual_call}
  0x000001a5b061286c: 0100 00e8 

  0x000001a5b0612870: ; ImmutableOopMap {[144]=Oop [152]=Oop [160]=Oop [168]=Oop [176]=Oop }
                      ;*invokevirtual getManifest {reexecute=0 rethrow=0 return_oop=0}
                      ; - jdk.internal.loader.BuiltinClassLoader::defineClass@29 (line 848)
  0x000001a5b0612870: be76 0000 

  0x000001a5b0612874: ;   {other}
  0x000001a5b0612874: 0f1f 8400 | 6c03 0004 | 4c8b 8424 | b000 0000 | 4c8b c848 | 8bbc 24a8 | 0000 0048 | 8b94 24a0 
  0x000001a5b0612894: 0000 0066 | 0f1f 4400 | 0048 b8f0 | 0345 fda5 

  0x000001a5b06128a4: ;   {virtual_call}
  0x000001a5b06128a4: 0100 00e8 

  0x000001a5b06128a8: ; ImmutableOopMap {[144]=Oop [152]=Oop [160]=Oop [168]=Oop }
                      ;*invokevirtual defineOrCheckPackage {reexecute=0 rethrow=0 return_oop=0}
                      ; - jdk.internal.loader.BuiltinClassLoader::defineClass@40 (line 849)
  0x000001a5b06128a8: 06f3 ffff 

  0x000001a5b06128ac: ;   {other}
  0x000001a5b06128ac: 0f1f 8400 | a403 0005 | 4c8b 8c24 | 9800 0000 | 488d 9424 | e000 0000 | 4c89 4a08 | 498b 0141 
  0x000001a5b06128cc: 8bb7 1806 | 0000 81fe | 6806 0000 | 0f8d be04 | 0000 4d3b | 4c37 f80f | 8425 0000 | 00a8 020f 
  0x000001a5b06128ec: 85ab 0400 | 0048 8bf0 | 4883 e6fe | 4883 c801 | f049 0fb1 | 310f 8595 | 0400 0041 | 8bb7 1806 
  0x000001a5b061290c: 0000 4d89 | 0c37 83c6 | 0841 89b7 | 1806 0000 | 49ff 8750 | 0500 0041 | 8b51 0c48 | 85d2 0f85 
  0x000001a5b061292c: 4c00 0000 | 498b d166 | 9048 b818 | 0445 fda5 

  0x000001a5b061293c: ;   {virtual_call}
  0x000001a5b061293c: 0100 00e8 

  0x000001a5b0612940: ; ImmutableOopMap {[144]=Oop [152]=Oop [160]=Oop [168]=Oop [232]=Oop }
                      ;*invokevirtual getInputStream {reexecute=0 rethrow=0 return_oop=0}
                      ; - jdk.internal.loader.Resource::cachedInputStream@9 (line 77)
                      ; - jdk.internal.loader.Resource::getByteBuffer@1 (line 163)
                      ; - jdk.internal.loader.BuiltinClassLoader::defineClass@45 (line 853)
  0x000001a5b0612940: ee97 0000 

  0x000001a5b0612944: ;   {other}
  0x000001a5b0612944: 0f1f 8400 | 3c04 0006 | 410f be57 | 3885 d24c | 8b8c 2498 | 0000 000f | 854e 0400 | 004c 8bd0 
  0x000001a5b0612964: 4589 510c | 498b d148 | 33d0 48c1 | ea14 4883 | fa00 0f85 | 4f04 0000 | 418b 510c | 488d 8424 
  0x000001a5b0612984: e000 0000 | 488b 7808 | 418b b718 | 0600 0049 | 3b7c 37f8 | 0f85 4504 | 0000 4183 | af18 0600 
  0x000001a5b06129a4: 0008 493b | 7c37 f00f | 842a 0000 | 0048 8b07 | a802 0f85 | 1200 0000 | 488b f048 | 83ce 01f0 
  0x000001a5b06129c4: 480f b137 | 0f84 0d00 | 0000 4183 | 8718 0600 | 0008 e908 | 0400 0049 | ff8f 5005 | 0000 4885 
  0x000001a5b06129e4: d20f 8443 

  0x000001a5b06129e8: ;   {metadata('sun/nio/ByteBuffered')}
  0x000001a5b06129e8: 0000 0048 | b880 2740 | b8a5 0100 | 008b 5a08 | 49ba 0000 | 00b8 a501 | 0000 4903 | da48 3b43 
  0x000001a5b0612a08: 200f 8424 | 0000 0048 | 3bd8 0f84 | 1b00 0000 

  0x000001a5b0612a18: ;   {runtime_call slow_subtype_check Runtime1 stub}
  0x000001a5b0612a18: 5350 e8a1 | 46e3 ff5b | 5b85 db0f | 8405 0000 | 00e9 0500 | 0000 4833 | f6eb 05be | 0100 0000 
  0x000001a5b0612a38: 85f6 0f84 | 6900 0000 | 4885 d20f | 8443 0000 

  0x000001a5b0612a48: ;   {metadata('sun/nio/ByteBuffered')}
  0x000001a5b0612a48: 0048 bb80 | 2740 b8a5 | 0100 008b | 7a08 49ba | 0000 00b8 | a501 0000 | 4903 fa48 | 3b5f 200f 
  0x000001a5b0612a68: 841f 0000 | 0048 3bfb | 0f84 1600 | 0000 5753 

  0x000001a5b0612a78: ;   {runtime_call slow_subtype_check Runtime1 stub}
  0x000001a5b0612a78: e843 46e3 | ff5f 5f85 | ff0f 8472 | 0300 00e9 | 0000 0000 | 9048 b840 | 0445 fda5 

  0x000001a5b0612a94: ;   {virtual_call}
  0x000001a5b0612a94: 0100 00e8 

  0x000001a5b0612a98: ; ImmutableOopMap {[144]=Oop [152]=Oop [160]=Oop [168]=Oop }
                      ;*invokeinterface getByteBuffer {reexecute=0 rethrow=0 return_oop=0}
                      ; - jdk.internal.loader.Resource::getByteBuffer@16 (line 165)
                      ; - jdk.internal.loader.BuiltinClassLoader::defineClass@45 (line 853)
  0x000001a5b0612a98: 44c0 d7ff 

  0x000001a5b0612a9c: ;   {other}
  0x000001a5b0612a9c: 0f1f 8400 | 9405 0007 | e90a 0000 

  0x000001a5b0612aa8: ;   {oop(nullptr)}
  0x000001a5b0612aa8: 0048 b800 | 0000 0000 | 0000 0048 | 85c0 0f84 | 0601 0000 | 4889 8424 | b800 0000 | 488b 9424 
  0x000001a5b0612ac8: 9800 0000 | 9048 b868 | 0445 fda5 

  0x000001a5b0612ad4: ;   {virtual_call}
  0x000001a5b0612ad4: 0100 00e8 

  0x000001a5b0612ad8: ; ImmutableOopMap {[144]=Oop [160]=Oop [168]=Oop [184]=Oop }
                      ;*invokevirtual getCodeSigners {reexecute=0 rethrow=0 return_oop=0}
                      ; - jdk.internal.loader.BuiltinClassLoader::defineClass@56 (line 855)
  0x000001a5b0612ad8: 04c0 d7ff 

  0x000001a5b0612adc: ;   {other}
  0x000001a5b0612adc: 0f1f 8400 | d405 0008 

  0x000001a5b0612ae4: ;   {metadata('java/security/CodeSource')}
  0x000001a5b0612ae4: 4c8b c848 | ba80 8116 | b8a5 0100 | 0049 8b87 | b801 0000 | 488d 7828 | 493b bfc8 | 0100 000f 
  0x000001a5b0612b04: 87f9 0200 | 0049 89bf | b801 0000 | 48c7 0001 | 0000 0048 | 8bca 49ba | 0000 00b8 | a501 0000 
  0x000001a5b0612b24: 492b ca89 | 4808 4833 | c989 480c | 4833 c948 | 8948 1048 | 8948 1848 | 8948 204c | 8b84 24a8 
  0x000001a5b0612b44: 0000 0048 | 8bd0 4889 | 8424 c000 | 0000 0f1f 

  0x000001a5b0612b54: ;   {optimized virtual_call}
  0x000001a5b0612b54: 4400 00e8 

  0x000001a5b0612b58: ; ImmutableOopMap {[144]=Oop [160]=Oop [184]=Oop [192]=Oop }
                      ;*invokespecial <init> {reexecute=0 rethrow=0 return_oop=0}
                      ; - jdk.internal.loader.BuiltinClassLoader::defineClass@68 (line 856)
  0x000001a5b0612b58: 84bc d7ff 

  0x000001a5b0612b5c: ;   {other}
  0x000001a5b0612b5c: 0f1f 8400 | 5406 0009 | 4c8b 8424 | c000 0000 | 488b 9424 | a000 0000 

  0x000001a5b0612b74: ;   {optimized virtual_call}
  0x000001a5b0612b74: 6666 90e8 

  0x000001a5b0612b78: ; ImmutableOopMap {[144]=Oop [160]=Oop [184]=Oop }
                      ;*invokevirtual getProtectionDomain {reexecute=0 rethrow=0 return_oop=0}
                      ; - java.security.SecureClassLoader::defineClass@5 (line 182)
                      ; - jdk.internal.loader.BuiltinClassLoader::defineClass@79 (line 857)
  0x000001a5b0612b78: 64bc d7ff 

  0x000001a5b0612b7c: ;   {other}
  0x000001a5b0612b7c: 0f1f 8400 | 7406 000a | 4c8b 8424 | 9000 0000 | 4c8b 8c24 | b800 0000 | 488b f848 | 8b94 24a0 
  0x000001a5b0612b9c: ;   {optimized virtual_call}
  0x000001a5b0612b9c: 0000 00e8 

  0x000001a5b0612ba0: ; ImmutableOopMap {}
                      ;*invokevirtual defineClass {reexecute=0 rethrow=0 return_oop=0}
                      ; - java.security.SecureClassLoader::defineClass@8 (line 182)
                      ; - jdk.internal.loader.BuiltinClassLoader::defineClass@79 (line 857)
  0x000001a5b0612ba0: 3cbc d7ff 

  0x000001a5b0612ba4: ;   {other}
  0x000001a5b0612ba4: 0f1f 8400 | 9c06 000b | 4881 c400 | 0100 005d 

  0x000001a5b0612bb4: ;   {poll_return}
  0x000001a5b0612bb4: 493b a748 | 0400 000f | 874e 0200 | 00c3 4c8b | 8c24 9800 | 0000 498b | d148 b890 | 0445 fda5 
  0x000001a5b0612bd4: ;   {virtual_call}
  0x000001a5b0612bd4: 0100 00e8 

  0x000001a5b0612bd8: ; ImmutableOopMap {[144]=Oop [152]=Oop [160]=Oop [168]=Oop }
                      ;*invokevirtual getBytes {reexecute=0 rethrow=0 return_oop=0}
                      ; - jdk.internal.loader.BuiltinClassLoader::defineClass@84 (line 859)
  0x000001a5b0612bd8: 16a2 0000 

  0x000001a5b0612bdc: ;   {other}
  0x000001a5b0612bdc: 0f1f 8400 | d406 000c | 4889 8424 | c800 0000 | 488b 9424 | 9800 0000 | 9048 b8b8 | 0445 fda5 
  0x000001a5b0612bfc: ;   {virtual_call}
  0x000001a5b0612bfc: 0100 00e8 

  0x000001a5b0612c00: ; ImmutableOopMap {[144]=Oop [160]=Oop [168]=Oop [200]=Oop }
                      ;*invokevirtual getCodeSigners {reexecute=0 rethrow=0 return_oop=0}
                      ; - jdk.internal.loader.BuiltinClassLoader::defineClass@90 (line 860)
  0x000001a5b0612c00: 2ea6 0000 

  0x000001a5b0612c04: ;   {other}
  0x000001a5b0612c04: 0f1f 8400 | fc06 000d 

  0x000001a5b0612c0c: ;   {metadata('java/security/CodeSource')}
  0x000001a5b0612c0c: 4c8b c848 | ba80 8116 | b8a5 0100 | 0049 8b87 | b801 0000 | 488d 7828 | 493b bfc8 | 0100 000f 
  0x000001a5b0612c2c: 87f4 0100 | 0049 89bf | b801 0000 | 48c7 0001 | 0000 0048 | 8bca 49ba | 0000 00b8 | a501 0000 
  0x000001a5b0612c4c: 492b ca89 | 4808 4833 | c989 480c | 4833 c948 | 8948 1048 | 8948 1848 | 8948 204c | 8b84 24a8 
  0x000001a5b0612c6c: 0000 0048 | 8bd0 4889 | 8424 d000 | 0000 0f1f 

  0x000001a5b0612c7c: ;   {optimized virtual_call}
  0x000001a5b0612c7c: 4400 00e8 

  0x000001a5b0612c80: ; ImmutableOopMap {[144]=Oop [160]=Oop [200]=Oop [208]=Oop }
                      ;*invokespecial <init> {reexecute=0 rethrow=0 return_oop=0}
                      ; - jdk.internal.loader.BuiltinClassLoader::defineClass@102 (line 861)
  0x000001a5b0612c80: 5c1f 0000 

  0x000001a5b0612c84: ;   {other}
  0x000001a5b0612c84: 0f1f 8400 | 7c07 000e | 488b 8424 | c800 0000 

  0x000001a5b0612c94: ; implicit exception: dispatches to 0x000001a5b0612e32
  0x000001a5b0612c94: 8b70 0c4c | 8b84 24d0 | 0000 0048 | 8b94 24a0 | 0000 0089 | b424 d800 

  0x000001a5b0612cac: ;   {optimized virtual_call}
  0x000001a5b0612cac: 0000 90e8 

  0x000001a5b0612cb0: ; ImmutableOopMap {[144]=Oop [160]=Oop [200]=Oop }
                      ;*invokevirtual getProtectionDomain {reexecute=0 rethrow=0 return_oop=0}
                      ; - java.security.SecureClassLoader::defineClass@9 (line 150)
                      ; - jdk.internal.loader.BuiltinClassLoader::defineClass@117 (line 862)
  0x000001a5b0612cb0: 2c27 0000 

  0x000001a5b0612cb4: ;   {other}
  0x000001a5b0612cb4: 0f1f 8400 | ac07 000f | 4c8b 8424 | 9000 0000 | 4c8b 8c24 | c800 0000 | bf00 0000 | 008b b424 
  0x000001a5b0612cd4: d800 0000 | 488b c848 | 8b94 24a0 | 0000 000f 

  0x000001a5b0612ce4: ;   {optimized virtual_call}
  0x000001a5b0612ce4: 1f40 00e8 

  0x000001a5b0612ce8: ; ImmutableOopMap {}
                      ;*invokevirtual defineClass {reexecute=0 rethrow=0 return_oop=0}
                      ; - java.security.SecureClassLoader::defineClass@12 (line 150)
                      ; - jdk.internal.loader.BuiltinClassLoader::defineClass@117 (line 862)
  0x000001a5b0612ce8: 9445 0000 

  0x000001a5b0612cec: ;   {other}
  0x000001a5b0612cec: 0f1f 8400 | e407 0010 | 4881 c400 | 0100 005d 

  0x000001a5b0612cfc: ;   {poll_return}
  0x000001a5b0612cfc: 493b a748 | 0400 000f | 872e 0100 | 00c3 498b | 8700 0500 | 004d 33d2 | 4d89 9700 | 0500 004d 
  0x000001a5b0612d1c: 33d2 4d89 | 9708 0500 | 0048 8bf0 | 488d 8424 | e000 0000 | 488b 5808 | 418b bf18 | 0600 0049 
  0x000001a5b0612d3c: 3b5c 3ff8 | 0f85 0701 | 0000 4183 | af18 0600 | 0008 493b | 5c3f f00f | 842a 0000 | 0048 8b03 
  0x000001a5b0612d5c: a802 0f85 | 1200 0000 | 488b f848 | 83cf 01f0 | 480f b13b | 0f84 0d00 | 0000 4183 | 8718 0600 
  0x000001a5b0612d7c: 0008 e9ca | 0000 0049 | ff8f 5005 | 0000 488b | c6e9 ee00 

  0x000001a5b0612d90: ;   {runtime_call throw_null_pointer_exception Runtime1 stub}
  0x000001a5b0612d90: 0000 e8c9 

  0x000001a5b0612d94: ; ImmutableOopMap {rax=Oop r8=Oop [144]=Oop [152]=Oop [160]=Oop [168]=Oop }
                      ;*invokevirtual lastIndexOf {reexecute=0 rethrow=0 return_oop=0}
                      ; - jdk.internal.loader.BuiltinClassLoader::defineClass@8 (line 845)
                      ;   {runtime_call throw_null_pointer_exception Runtime1 stub}
  0x000001a5b0612d94: 15e3 ffe8 

  0x000001a5b0612d98: ; ImmutableOopMap {rax=Oop r8=Oop rsi=Oop [144]=Oop [152]=Oop [160]=Oop [168]=Oop }
                      ;*arraylength {reexecute=0 rethrow=0 return_oop=0}
                      ; - java.lang.String::length@4 (line 1593)
                      ; - java.lang.String::lastIndexOf@3 (line 2626)
                      ; - jdk.internal.loader.BuiltinClassLoader::defineClass@8 (line 845)
  0x000001a5b0612d98: c415 e3ff | 4c89 4c24 | 0848 8914 

  0x000001a5b0612da4: ;   {runtime_call monitorenter_nofpu Runtime1 stub}
  0x000001a5b0612da4: 24e8 3649 

  0x000001a5b0612da8: ; ImmutableOopMap {r9=Oop [144]=Oop [152]=Oop [160]=Oop [168]=Oop [232]=Oop }
                      ;*synchronization entry
                      ; - jdk.internal.loader.Resource::cachedInputStream@-1 (line 76)
                      ; - jdk.internal.loader.Resource::getByteBuffer@1 (line 163)
                      ; - jdk.internal.loader.BuiltinClassLoader::defineClass@45 (line 853)
  0x000001a5b0612da8: e3ff e974 | fbff ff41 | 8b51 0c48 | 83fa 000f | 84a4 fbff | ff48 8914 

  0x000001a5b0612dc0: ;   {runtime_call g1_pre_barrier_slow}
  0x000001a5b0612dc0: 24e8 1a70 | e3ff e996 | fbff ff48 | 83f8 000f | 84a7 fbff | ff4c 890c 

  0x000001a5b0612dd8: ;   {runtime_call g1_post_barrier_slow}
  0x000001a5b0612dd8: 24e8 0273 | e3ff e999 | fbff ff48 | 8d84 24e0 | 0000 0048 

  0x000001a5b0612dec: ;   {runtime_call monitorexit_nofpu Runtime1 stub}
  0x000001a5b0612dec: 8904 24e8 | ec4e e3ff | e9e9 fbff | ff48 8914 

  0x000001a5b0612dfc: ;   {runtime_call throw_class_cast_exception Runtime1 stub}
  0x000001a5b0612dfc: 24e8 de3c 

  0x000001a5b0612e00: ; ImmutableOopMap {[144]=Oop [152]=Oop [160]=Oop [168]=Oop }
                      ;*checkcast {reexecute=0 rethrow=0 return_oop=0}
                      ; - jdk.internal.loader.Resource::getByteBuffer@13 (line 165)
                      ; - jdk.internal.loader.BuiltinClassLoader::defineClass@45 (line 853)
  0x000001a5b0612e00: e3ff 488b 

  0x000001a5b0612e04: ;   {runtime_call fast_new_instance Runtime1 stub}
  0x000001a5b0612e04: d2e8 561e 

  0x000001a5b0612e08: ; ImmutableOopMap {r9=Oop [144]=Oop [160]=Oop [168]=Oop [184]=Oop }
                      ;*new {reexecute=0 rethrow=0 return_oop=0}
                      ; - jdk.internal.loader.BuiltinClassLoader::defineClass@61 (line 856)
  0x000001a5b0612e08: e3ff e930 

  0x000001a5b0612e0c: ;   {internal_word}
  0x000001a5b0612e0c: fdff ff49 | bab4 2b61 | b0a5 0100 | 004d 8997 | 6004 0000 

  0x000001a5b0612e20: ;   {runtime_call SafepointBlob}
  0x000001a5b0612e20: e93b 21d8 | ff48 8bd2 

  0x000001a5b0612e28: ;   {runtime_call fast_new_instance Runtime1 stub}
  0x000001a5b0612e28: e833 1ee3 

  0x000001a5b0612e2c: ; ImmutableOopMap {r9=Oop [144]=Oop [160]=Oop [168]=Oop [200]=Oop }
                      ;*new {reexecute=0 rethrow=0 return_oop=0}
                      ; - jdk.internal.loader.BuiltinClassLoader::defineClass@95 (line 861)
  0x000001a5b0612e2c: ffe9 35fe 

  0x000001a5b0612e30: ;   {runtime_call throw_null_pointer_exception Runtime1 stub}
  0x000001a5b0612e30: ffff e829 

  0x000001a5b0612e34: ; ImmutableOopMap {rax=Oop [144]=Oop [160]=Oop [200]=Oop [208]=Oop }
                      ;*arraylength {reexecute=0 rethrow=0 return_oop=0}
                      ; - jdk.internal.loader.BuiltinClassLoader::defineClass@114 (line 862)
                      ;   {internal_word}
  0x000001a5b0612e34: 15e3 ff49 | bafc 2c61 | b0a5 0100 | 004d 8997 | 6004 0000 

  0x000001a5b0612e48: ;   {runtime_call SafepointBlob}
  0x000001a5b0612e48: e913 21d8 | ff48 8d84 | 24e0 0000 | 0048 8904 

  0x000001a5b0612e58: ;   {runtime_call monitorexit_nofpu Runtime1 stub}
  0x000001a5b0612e58: 24e8 824e | e3ff e927 | ffff ff49 | 8b87 0005 | 0000 49c7 | 8700 0500 | 0000 0000 | 0049 c787 
  0x000001a5b0612e78: 0805 0000 | 0000 0000 | 4881 c400 | 0100 005d 

  0x000001a5b0612e88: ;   {runtime_call unwind_exception Runtime1 stub}
  0x000001a5b0612e88: e9d3 05e3 | fff4 f4f4 
[Stub Code]
  0x000001a5b0612e90: ;   {no_reloc}
  0x000001a5b0612e90: 0f1f 4400 

  0x000001a5b0612e94: ;   {static_stub}
  0x000001a5b0612e94: 0048 bb00 | 0000 0000 

  0x000001a5b0612e9c: ;   {runtime_call nmethod}
  0x000001a5b0612e9c: 0000 00e9 | fbff ffff 

  0x000001a5b0612ea4: ;   {static_stub}
  0x000001a5b0612ea4: 9048 bb00 | 0000 0000 

  0x000001a5b0612eac: ;   {runtime_call nmethod}
  0x000001a5b0612eac: 0000 00e9 | fbff ffff 

  0x000001a5b0612eb4: ;   {static_stub}
  0x000001a5b0612eb4: 9048 bb00 | 0000 0000 

  0x000001a5b0612ebc: ;   {runtime_call nmethod}
  0x000001a5b0612ebc: 0000 00e9 | fbff ffff 

  0x000001a5b0612ec4: ;   {static_stub}
  0x000001a5b0612ec4: 9048 bb00 | 0000 0000 

  0x000001a5b0612ecc: ;   {runtime_call nmethod}
  0x000001a5b0612ecc: 0000 00e9 | fbff ffff 

  0x000001a5b0612ed4: ;   {static_stub}
  0x000001a5b0612ed4: 9048 bb00 | 0000 0000 

  0x000001a5b0612edc: ;   {runtime_call nmethod}
  0x000001a5b0612edc: 0000 00e9 | fbff ffff 

  0x000001a5b0612ee4: ;   {static_stub}
  0x000001a5b0612ee4: 9048 bb00 | 0000 0000 

  0x000001a5b0612eec: ;   {runtime_call nmethod}
  0x000001a5b0612eec: 0000 00e9 | fbff ffff 

  0x000001a5b0612ef4: ;   {static_stub}
  0x000001a5b0612ef4: 9048 bb00 | 0000 0000 

  0x000001a5b0612efc: ;   {runtime_call nmethod}
  0x000001a5b0612efc: 0000 00e9 | fbff ffff 

  0x000001a5b0612f04: ;   {static_stub}
  0x000001a5b0612f04: 9048 bb00 | 0000 0000 

  0x000001a5b0612f0c: ;   {runtime_call nmethod}
  0x000001a5b0612f0c: 0000 00e9 | fbff ffff 

  0x000001a5b0612f14: ;   {static_stub}
  0x000001a5b0612f14: 48bb 0000 | 0000 0000 

  0x000001a5b0612f1c: ;   {runtime_call nmethod}
  0x000001a5b0612f1c: 0000 e9fb 

  0x000001a5b0612f20: ;   {static_stub}
  0x000001a5b0612f20: ffff ff48 | bb00 0000 | 0000 0000 

  0x000001a5b0612f2c: ;   {runtime_call nmethod}
  0x000001a5b0612f2c: 00e9 fbff 

  0x000001a5b0612f30: ;   {static_stub}
  0x000001a5b0612f30: ffff 48bb | 0000 0000 | 0000 0000 

  0x000001a5b0612f3c: ;   {runtime_call nmethod}
  0x000001a5b0612f3c: e9fb ffff 

  0x000001a5b0612f40: ;   {static_stub}
  0x000001a5b0612f40: ff48 bb00 | 0000 0000 

  0x000001a5b0612f48: ;   {runtime_call nmethod}
  0x000001a5b0612f48: 0000 00e9 | fbff ffff 

  0x000001a5b0612f50: ;   {static_stub}
  0x000001a5b0612f50: 48bb 0000 | 0000 0000 

  0x000001a5b0612f58: ;   {runtime_call nmethod}
  0x000001a5b0612f58: 0000 e9fb 

  0x000001a5b0612f5c: ;   {static_stub}
  0x000001a5b0612f5c: ffff ff48 | bb00 0000 | 0000 0000 

  0x000001a5b0612f68: ;   {runtime_call nmethod}
  0x000001a5b0612f68: 00e9 fbff 

  0x000001a5b0612f6c: ;   {static_stub}
  0x000001a5b0612f6c: ffff 48bb | 0000 0000 | 0000 0000 

  0x000001a5b0612f78: ;   {runtime_call nmethod}
  0x000001a5b0612f78: e9fb ffff 

  0x000001a5b0612f7c: ;   {runtime_call handle_exception_from_callee Runtime1 stub}
  0x000001a5b0612f7c: ffe8 5e35 

  0x000001a5b0612f80: ;   {external_word}
  0x000001a5b0612f80: e3ff 48b9 | 40e5 6a8e | fa7f 0000 | 4883 e4f0 

  0x000001a5b0612f90: ;   {runtime_call}
  0x000001a5b0612f90: 48b8 504d | 318e fa7f | 0000 ffd0 

  0x000001a5b0612f9c: ;   {section_word}
  0x000001a5b0612f9c: f449 ba9d | 2f61 b0a5 | 0100 0041 

  0x000001a5b0612fa8: ;   {runtime_call DeoptimizationBlob}
  0x000001a5b0612fa8: 52e9 5219 | d8ff f4f4 
[/MachCode]


---------------  P R O C E S S  ---------------

Threads class SMR info:
_java_thread_list=0x000001a5fef7be60, length=29, elements={
0x000001a5b77268d0, 0x000001a5b77287b0, 0x000001a5b772d690, 0x000001a5b7730270,
0x000001a5b7730cd0, 0x000001a5b7731730, 0x000001a5b7732190, 0x000001a5b78a7eb0,
0x000001a5b78a8520, 0x000001a5fec3a410, 0x000001a580460d80, 0x000001a5fec389d0,
0x000001a5fec39d80, 0x000001a5fec3b130, 0x000001a5fec3b7c0, 0x000001a5fec39060,
0x000001a580464200, 0x000001a580464890, 0x000001a580461410, 0x000001a580462e50,
0x000001a5804606f0, 0x000001a580462130, 0x000001a5804627c0, 0x000001a5804634e0,
0x000001a580463b70, 0x000001a5804655b0, 0x000001a580464f20, 0x000001a580465c40,
0x000001a5804662d0
}

Java Threads: ( => current thread )
  0x000001a5b77268d0 JavaThread "Reference Handler"          daemon [_thread_blocked, id=7112, stack(0x0000005416000000,0x0000005416100000) (1024K)]
  0x000001a5b77287b0 JavaThread "Finalizer"                  daemon [_thread_blocked, id=4256, stack(0x0000005416100000,0x0000005416200000) (1024K)]
  0x000001a5b772d690 JavaThread "Signal Dispatcher"          daemon [_thread_blocked, id=8448, stack(0x0000005416200000,0x0000005416300000) (1024K)]
  0x000001a5b7730270 JavaThread "Attach Listener"            daemon [_thread_blocked, id=1240, stack(0x0000005416300000,0x0000005416400000) (1024K)]
  0x000001a5b7730cd0 JavaThread "Service Thread"             daemon [_thread_blocked, id=11984, stack(0x0000005416400000,0x0000005416500000) (1024K)]
  0x000001a5b7731730 JavaThread "Monitor Deflation Thread"   daemon [_thread_blocked, id=10344, stack(0x0000005416500000,0x0000005416600000) (1024K)]
  0x000001a5b7732190 JavaThread "C1 CompilerThread0"         daemon [_thread_blocked, id=6208, stack(0x0000005416600000,0x0000005416700000) (1024K)]
  0x000001a5b78a7eb0 JavaThread "Notification Thread"        daemon [_thread_blocked, id=3972, stack(0x0000005416800000,0x0000005416900000) (1024K)]
  0x000001a5b78a8520 JavaThread "Common-Cleaner"             daemon [_thread_blocked, id=10552, stack(0x0000005416900000,0x0000005416a00000) (1024K)]
  0x000001a5fec3a410 JavaThread "Live Reload Server"         daemon [_thread_in_native, id=2420, stack(0x0000005417400000,0x0000005417500000) (1024K)]
  0x000001a580460d80 JavaThread "DestroyJavaVM"                     [_thread_blocked, id=1104, stack(0x0000005415700000,0x0000005415800000) (1024K)]
  0x000001a5fec389d0 JavaThread "Catalina-utility-1"                [_thread_blocked, id=11956, stack(0x0000005416700000,0x0000005416800000) (1024K)]
  0x000001a5fec39d80 JavaThread "Catalina-utility-2"                [_thread_blocked, id=11944, stack(0x0000005416d00000,0x0000005416e00000) (1024K)]
  0x000001a5fec3b130 JavaThread "container-0"                       [_thread_blocked, id=7272, stack(0x0000005416e00000,0x0000005416f00000) (1024K)]
  0x000001a5fec3b7c0 JavaThread "PostgreSQL-JDBC-Cleaner"    daemon [_thread_blocked, id=4856, stack(0x0000005416f00000,0x0000005417000000) (1024K)]
  0x000001a5fec39060 JavaThread "HikariPool-3 housekeeper"   daemon [_thread_blocked, id=7544, stack(0x0000005417100000,0x0000005417200000) (1024K)]
  0x000001a580464200 JavaThread "File Watcher"               daemon [_thread_blocked, id=8188, stack(0x0000005416b00000,0x0000005416c00000) (1024K)]
  0x000001a580464890 JavaThread "http-nio-8080-exec-1"       daemon [_thread_in_vm, id=8036, stack(0x0000005416c00000,0x0000005416d00000) (1024K)] _threads_hazard_ptr=0x000001a5fef7be60
  0x000001a580461410 JavaThread "http-nio-8080-exec-2"       daemon [_thread_blocked, id=5180, stack(0x0000005417300000,0x0000005417400000) (1024K)]
  0x000001a580462e50 JavaThread "http-nio-8080-exec-3"       daemon [_thread_blocked, id=13048, stack(0x0000005417500000,0x0000005417600000) (1024K)]
  0x000001a5804606f0 JavaThread "http-nio-8080-exec-4"       daemon [_thread_blocked, id=9268, stack(0x0000005417600000,0x0000005417700000) (1024K)]
=>0x000001a580462130 JavaThread "http-nio-8080-exec-5"       daemon [_thread_in_vm, id=8632, stack(0x0000005417700000,0x0000005417800000) (1024K)]
  0x000001a5804627c0 JavaThread "http-nio-8080-exec-6"       daemon [_thread_blocked, id=10776, stack(0x0000005417800000,0x0000005417900000) (1024K)]
  0x000001a5804634e0 JavaThread "http-nio-8080-exec-7"       daemon [_thread_blocked, id=1392, stack(0x0000005417900000,0x0000005417a00000) (1024K)]
  0x000001a580463b70 JavaThread "http-nio-8080-exec-8"       daemon [_thread_blocked, id=11124, stack(0x0000005417a00000,0x0000005417b00000) (1024K)]
  0x000001a5804655b0 JavaThread "http-nio-8080-exec-9"       daemon [_thread_blocked, id=11196, stack(0x0000005417b00000,0x0000005417c00000) (1024K)]
  0x000001a580464f20 JavaThread "http-nio-8080-exec-10"      daemon [_thread_blocked, id=1072, stack(0x0000005417c00000,0x0000005417d00000) (1024K)]
  0x000001a580465c40 JavaThread "http-nio-8080-Poller"       daemon [_thread_in_native, id=7752, stack(0x0000005417d00000,0x0000005417e00000) (1024K)]
  0x000001a5804662d0 JavaThread "http-nio-8080-Acceptor"     daemon [_thread_in_native, id=3516, stack(0x0000005417e00000,0x0000005417f00000) (1024K)]
Total: 29

Other Threads:
  0x000001a5b770fc30 VMThread "VM Thread"                           [id=232, stack(0x0000005415f00000,0x0000005416000000) (1024K)]
  0x000001a5b76ff0e0 WatcherThread "VM Periodic Task Thread"        [id=5944, stack(0x0000005415e00000,0x0000005415f00000) (1024K)]
  0x000001a5a7c57260 WorkerThread "GC Thread#0"                     [id=3720, stack(0x0000005415900000,0x0000005415a00000) (1024K)]
  0x000001a5fd0833b0 WorkerThread "GC Thread#1"                     [id=9188, stack(0x0000005416a00000,0x0000005416b00000) (1024K)]
  0x000001a5a7c6aa50 ConcurrentGCThread "G1 Main Marker"            [id=13252, stack(0x0000005415a00000,0x0000005415b00000) (1024K)]
  0x000001a5a7c6b710 WorkerThread "G1 Conc#0"                       [id=8400, stack(0x0000005415b00000,0x0000005415c00000) (1024K)]
  0x000001a5b75c9100 ConcurrentGCThread "G1 Refine#0"               [id=3956, stack(0x0000005415c00000,0x0000005415d00000) (1024K)]
  0x000001a5b75c9e30 ConcurrentGCThread "G1 Service"                [id=7192, stack(0x0000005415d00000,0x0000005415e00000) (1024K)]
Total: 8

Threads with active compile tasks:
Total: 0

VM state: not at safepoint (normal execution)

VM Mutex/Monitor currently owned by a thread: None

Heap address: 0x0000000089c00000, size: 1892 MB, Compressed Oops mode: 32-bit

CDS archive(s) mapped at: [0x000001a5b8000000-0x000001a5b8d70000-0x000001a5b8d70000), size 14090240, SharedBaseAddress: 0x000001a5b8000000, ArchiveRelocationMode: 1.
Compressed class space mapped at: 0x000001a5b9000000-0x000001a5f9000000, reserved size: 1073741824
Narrow klass base: 0x000001a5b8000000, Narrow klass shift: 0, Narrow klass range: 0x41000000

GC Precious Log:
 CardTable entry size: 512
 Card Set container configuration: InlinePtr #cards 5 size 8 Array Of Cards #cards 10 size 36 Howl #buckets 4 coarsen threshold 1843 Howl Bitmap #cards 512 size 80 coarsen threshold 460 Card regions per heap region 1 cards per card region 2048
 CPUs: 2 total, 2 available
 Memory: 7567M
 Large Page Support: Disabled
 NUMA Support: Disabled
 Compressed Oops: Enabled (32-bit)
 Heap Region Size: 1M
 Heap Min Capacity: 8M
 Heap Initial Capacity: 120M
 Heap Max Capacity: 1892M
 Pre-touch: Disabled
 Parallel Workers: 2
 Concurrent Workers: 1
 Concurrent Refinement Workers: 2
 Periodic GC: Disabled

Heap:
 garbage-first heap   total reserved 1937408K, committed 99328K, used 65281K [0x0000000089c00000, 0x0000000100000000)
  region size 1024K, 36 young (36864K), 3 survivors (3072K)
 Metaspace       used 71899K, committed 72512K, reserved 1114112K
  class space    used 10874K, committed 11136K, reserved 1048576K

Heap Regions: E=young(eden), S=young(survivor), O=old, HS=humongous(starts), HC=humongous(continues), CS=collection set, F=free, TAMS=top-at-mark-start, PB=parsable bottom
|   0|0x0000000089c00000, 0x0000000089d00000, 0x0000000089d00000|100%|HS|  |TAMS 0x0000000089c00000| PB 0x0000000089c00000| Complete |  0
|   1|0x0000000089d00000, 0x0000000089e00000, 0x0000000089e00000|100%|HS|  |TAMS 0x0000000089d00000| PB 0x0000000089d00000| Complete |  0
|   2|0x0000000089e00000, 0x0000000089effff0, 0x0000000089f00000| 99%| O|  |TAMS 0x0000000089e00000| PB 0x0000000089e00000| Untracked |  0
|   3|0x0000000089f00000, 0x000000008a000000, 0x000000008a000000|100%| O|  |TAMS 0x0000000089f00000| PB 0x0000000089f00000| Untracked |  0
|   4|0x000000008a000000, 0x000000008a0ff420, 0x000000008a100000| 99%| O|  |TAMS 0x000000008a000000| PB 0x000000008a000000| Untracked |  0
|   5|0x000000008a100000, 0x000000008a1ffff0, 0x000000008a200000| 99%| O|  |TAMS 0x000000008a100000| PB 0x000000008a100000| Untracked |  0
|   6|0x000000008a200000, 0x000000008a300000, 0x000000008a300000|100%| O|  |TAMS 0x000000008a200000| PB 0x000000008a200000| Untracked |  0
|   7|0x000000008a300000, 0x000000008a3ffff8, 0x000000008a400000| 99%| O|  |TAMS 0x000000008a300000| PB 0x000000008a300000| Untracked |  0
|   8|0x000000008a400000, 0x000000008a4fffe8, 0x000000008a500000| 99%| O|  |TAMS 0x000000008a400000| PB 0x000000008a400000| Untracked |  0
|   9|0x000000008a500000, 0x000000008a600000, 0x000000008a600000|100%| O|  |TAMS 0x000000008a500000| PB 0x000000008a500000| Untracked |  0
|  10|0x000000008a600000, 0x000000008a6fffe0, 0x000000008a700000| 99%| O|  |TAMS 0x000000008a600000| PB 0x000000008a600000| Untracked |  0
|  11|0x000000008a700000, 0x000000008a7ffff8, 0x000000008a800000| 99%| O|  |TAMS 0x000000008a700000| PB 0x000000008a700000| Untracked |  0
|  12|0x000000008a800000, 0x000000008a8fffc8, 0x000000008a900000| 99%| O|  |TAMS 0x000000008a800000| PB 0x000000008a800000| Untracked |  0
|  13|0x000000008a900000, 0x000000008a9fff98, 0x000000008aa00000| 99%| O|  |TAMS 0x000000008a900000| PB 0x000000008a900000| Untracked |  0
|  14|0x000000008aa00000, 0x000000008aafff58, 0x000000008ab00000| 99%| O|  |TAMS 0x000000008aa00000| PB 0x000000008aa00000| Untracked |  0
|  15|0x000000008ab00000, 0x000000008abfffd8, 0x000000008ac00000| 99%| O|  |TAMS 0x000000008ab00000| PB 0x000000008ab00000| Untracked |  0
|  16|0x000000008ac00000, 0x000000008ad00000, 0x000000008ad00000|100%| O|  |TAMS 0x000000008ac00000| PB 0x000000008ac00000| Untracked |  0
|  17|0x000000008ad00000, 0x000000008ae00000, 0x000000008ae00000|100%| O|  |TAMS 0x000000008ad00000| PB 0x000000008ad00000| Untracked |  0
|  18|0x000000008ae00000, 0x000000008aefffb8, 0x000000008af00000| 99%| O|  |TAMS 0x000000008ae00000| PB 0x000000008ae00000| Untracked |  0
|  19|0x000000008af00000, 0x000000008b000000, 0x000000008b000000|100%| O|  |TAMS 0x000000008af00000| PB 0x000000008af00000| Untracked |  0
|  20|0x000000008b000000, 0x000000008b0ffd68, 0x000000008b100000| 99%| O|  |TAMS 0x000000008b000000| PB 0x000000008b000000| Untracked |  0
|  21|0x000000008b100000, 0x000000008b1ffff0, 0x000000008b200000| 99%| O|  |TAMS 0x000000008b100000| PB 0x000000008b100000| Untracked |  0
|  22|0x000000008b200000, 0x000000008b300000, 0x000000008b300000|100%| O|  |TAMS 0x000000008b200000| PB 0x000000008b200000| Untracked |  0
|  23|0x000000008b300000, 0x000000008b3fffe8, 0x000000008b400000| 99%| O|  |TAMS 0x000000008b300000| PB 0x000000008b300000| Untracked |  0
|  24|0x000000008b400000, 0x000000008b4ffff8, 0x000000008b500000| 99%| O|  |TAMS 0x000000008b400000| PB 0x000000008b400000| Untracked |  0
|  25|0x000000008b500000, 0x000000008b5ffff0, 0x000000008b600000| 99%| O|  |TAMS 0x000000008b500000| PB 0x000000008b500000| Untracked |  0
|  26|0x000000008b600000, 0x000000008b65dea8, 0x000000008b700000| 36%| O|  |TAMS 0x000000008b600000| PB 0x000000008b600000| Untracked |  0
|  27|0x000000008b700000, 0x000000008b7319e0, 0x000000008b800000| 19%| O|Cm|TAMS 0x000000008b700000| PB 0x000000008b700000| Complete |  0
|  28|0x000000008b800000, 0x000000008b900000, 0x000000008b900000|100%| O|  |TAMS 0x000000008b800000| PB 0x000000008b800000| Untracked |  0
|  29|0x000000008b900000, 0x000000008ba00000, 0x000000008ba00000|100%| O|  |TAMS 0x000000008b900000| PB 0x000000008b900000| Untracked |  0
|  30|0x000000008ba00000, 0x000000008bb00000, 0x000000008bb00000|100%| O|  |TAMS 0x000000008ba00000| PB 0x000000008ba00000| Untracked |  0
|  31|0x000000008bb00000, 0x000000008bbd1a00, 0x000000008bc00000| 81%| O|  |TAMS 0x000000008bb00000| PB 0x000000008bb00000| Untracked |  0
|  32|0x000000008bc00000, 0x000000008bc00000, 0x000000008bd00000|  0%| F|  |TAMS 0x000000008bc00000| PB 0x000000008bc00000| Untracked |  0
|  33|0x000000008bd00000, 0x000000008bd00000, 0x000000008be00000|  0%| F|  |TAMS 0x000000008bd00000| PB 0x000000008bd00000| Untracked |  0
|  34|0x000000008be00000, 0x000000008be00000, 0x000000008bf00000|  0%| F|  |TAMS 0x000000008be00000| PB 0x000000008be00000| Untracked |  0
|  35|0x000000008bf00000, 0x000000008bf00000, 0x000000008c000000|  0%| F|  |TAMS 0x000000008bf00000| PB 0x000000008bf00000| Untracked |  0
|  36|0x000000008c000000, 0x000000008c000000, 0x000000008c100000|  0%| F|  |TAMS 0x000000008c000000| PB 0x000000008c000000| Untracked |  0
|  37|0x000000008c100000, 0x000000008c100000, 0x000000008c200000|  0%| F|  |TAMS 0x000000008c100000| PB 0x000000008c100000| Untracked |  0
|  38|0x000000008c200000, 0x000000008c200000, 0x000000008c300000|  0%| F|  |TAMS 0x000000008c200000| PB 0x000000008c200000| Untracked |  0
|  39|0x000000008c300000, 0x000000008c300000, 0x000000008c400000|  0%| F|  |TAMS 0x000000008c300000| PB 0x000000008c300000| Untracked |  0
|  40|0x000000008c400000, 0x000000008c400000, 0x000000008c500000|  0%| F|  |TAMS 0x000000008c400000| PB 0x000000008c400000| Untracked |  0
|  41|0x000000008c500000, 0x000000008c500000, 0x000000008c600000|  0%| F|  |TAMS 0x000000008c500000| PB 0x000000008c500000| Untracked |  0
|  42|0x000000008c600000, 0x000000008c600000, 0x000000008c700000|  0%| F|  |TAMS 0x000000008c600000| PB 0x000000008c600000| Untracked |  0
|  43|0x000000008c700000, 0x000000008c760530, 0x000000008c800000| 37%| S|CS|TAMS 0x000000008c700000| PB 0x000000008c700000| Complete |  0
|  44|0x000000008c800000, 0x000000008c900000, 0x000000008c900000|100%| S|CS|TAMS 0x000000008c800000| PB 0x000000008c800000| Complete |  0
|  45|0x000000008c900000, 0x000000008c900000, 0x000000008ca00000|  0%| F|  |TAMS 0x000000008c900000| PB 0x000000008c900000| Untracked |  0
|  46|0x000000008ca00000, 0x000000008ca00000, 0x000000008cb00000|  0%| F|  |TAMS 0x000000008ca00000| PB 0x000000008ca00000| Untracked |  0
|  47|0x000000008cb00000, 0x000000008cb00000, 0x000000008cc00000|  0%| F|  |TAMS 0x000000008cb00000| PB 0x000000008cb00000| Untracked |  0
|  48|0x000000008cc00000, 0x000000008cc00000, 0x000000008cd00000|  0%| F|  |TAMS 0x000000008cc00000| PB 0x000000008cc00000| Untracked |  0
|  49|0x000000008cd00000, 0x000000008ce00000, 0x000000008ce00000|100%| S|CS|TAMS 0x000000008cd00000| PB 0x000000008cd00000| Complete |  0
|  50|0x000000008ce00000, 0x000000008ce00000, 0x000000008cf00000|  0%| F|  |TAMS 0x000000008ce00000| PB 0x000000008ce00000| Untracked |  0
|  51|0x000000008cf00000, 0x000000008cf00000, 0x000000008d000000|  0%| F|  |TAMS 0x000000008cf00000| PB 0x000000008cf00000| Untracked |  0
|  52|0x000000008d000000, 0x000000008d000000, 0x000000008d100000|  0%| F|  |TAMS 0x000000008d000000| PB 0x000000008d000000| Untracked |  0
|  53|0x000000008d100000, 0x000000008d100000, 0x000000008d200000|  0%| F|  |TAMS 0x000000008d100000| PB 0x000000008d100000| Untracked |  0
|  54|0x000000008d200000, 0x000000008d200000, 0x000000008d300000|  0%| F|  |TAMS 0x000000008d200000| PB 0x000000008d200000| Untracked |  0
|  55|0x000000008d300000, 0x000000008d300000, 0x000000008d400000|  0%| F|  |TAMS 0x000000008d300000| PB 0x000000008d300000| Untracked |  0
|  56|0x000000008d400000, 0x000000008d400000, 0x000000008d500000|  0%| F|  |TAMS 0x000000008d400000| PB 0x000000008d400000| Untracked |  0
|  57|0x000000008d500000, 0x000000008d500000, 0x000000008d600000|  0%| F|  |TAMS 0x000000008d500000| PB 0x000000008d500000| Untracked |  0
|  58|0x000000008d600000, 0x000000008d600000, 0x000000008d700000|  0%| F|  |TAMS 0x000000008d600000| PB 0x000000008d600000| Untracked |  0
|  59|0x000000008d700000, 0x000000008d700000, 0x000000008d800000|  0%| F|  |TAMS 0x000000008d700000| PB 0x000000008d700000| Untracked |  0
|  60|0x000000008d800000, 0x000000008d800000, 0x000000008d900000|  0%| F|  |TAMS 0x000000008d800000| PB 0x000000008d800000| Untracked |  0
|  61|0x000000008d900000, 0x000000008d900000, 0x000000008da00000|  0%| F|  |TAMS 0x000000008d900000| PB 0x000000008d900000| Untracked |  0
|  62|0x000000008da00000, 0x000000008da00000, 0x000000008db00000|  0%| F|  |TAMS 0x000000008da00000| PB 0x000000008da00000| Untracked |  0
|  63|0x000000008db00000, 0x000000008db00000, 0x000000008dc00000|  0%| F|  |TAMS 0x000000008db00000| PB 0x000000008db00000| Untracked |  0
|  64|0x000000008dc00000, 0x000000008dd00000, 0x000000008dd00000|100%| E|  |TAMS 0x000000008dc00000| PB 0x000000008dc00000| Complete |  0
|  65|0x000000008dd00000, 0x000000008de00000, 0x000000008de00000|100%| E|CS|TAMS 0x000000008dd00000| PB 0x000000008dd00000| Complete |  1
|  66|0x000000008de00000, 0x000000008df00000, 0x000000008df00000|100%| E|  |TAMS 0x000000008de00000| PB 0x000000008de00000| Complete |  0
|  67|0x000000008df00000, 0x000000008e000000, 0x000000008e000000|100%| E|CS|TAMS 0x000000008df00000| PB 0x000000008df00000| Complete |  0
|  68|0x000000008e000000, 0x000000008e100000, 0x000000008e100000|100%| E|CS|TAMS 0x000000008e000000| PB 0x000000008e000000| Complete |  0
|  69|0x000000008e100000, 0x000000008e200000, 0x000000008e200000|100%| E|CS|TAMS 0x000000008e100000| PB 0x000000008e100000| Complete |  0
|  70|0x000000008e200000, 0x000000008e300000, 0x000000008e300000|100%| E|CS|TAMS 0x000000008e200000| PB 0x000000008e200000| Complete |  0
|  71|0x000000008e300000, 0x000000008e400000, 0x000000008e400000|100%| E|CS|TAMS 0x000000008e300000| PB 0x000000008e300000| Complete |  0
|  72|0x000000008e400000, 0x000000008e500000, 0x000000008e500000|100%| E|CS|TAMS 0x000000008e400000| PB 0x000000008e400000| Complete |  0
|  73|0x000000008e500000, 0x000000008e600000, 0x000000008e600000|100%| E|CS|TAMS 0x000000008e500000| PB 0x000000008e500000| Complete |  0
|  74|0x000000008e600000, 0x000000008e700000, 0x000000008e700000|100%| E|CS|TAMS 0x000000008e600000| PB 0x000000008e600000| Complete |  0
|  75|0x000000008e700000, 0x000000008e800000, 0x000000008e800000|100%| E|CS|TAMS 0x000000008e700000| PB 0x000000008e700000| Complete |  0
|  76|0x000000008e800000, 0x000000008e900000, 0x000000008e900000|100%| E|CS|TAMS 0x000000008e800000| PB 0x000000008e800000| Complete |  0
|  77|0x000000008e900000, 0x000000008ea00000, 0x000000008ea00000|100%| E|CS|TAMS 0x000000008e900000| PB 0x000000008e900000| Complete |  0
|  78|0x000000008ea00000, 0x000000008eb00000, 0x000000008eb00000|100%| E|CS|TAMS 0x000000008ea00000| PB 0x000000008ea00000| Complete |  0
|  79|0x000000008eb00000, 0x000000008ec00000, 0x000000008ec00000|100%| E|CS|TAMS 0x000000008eb00000| PB 0x000000008eb00000| Complete |  0
|  80|0x000000008ec00000, 0x000000008ed00000, 0x000000008ed00000|100%| E|CS|TAMS 0x000000008ec00000| PB 0x000000008ec00000| Complete |  0
|  81|0x000000008ed00000, 0x000000008ee00000, 0x000000008ee00000|100%| E|CS|TAMS 0x000000008ed00000| PB 0x000000008ed00000| Complete |  0
|  82|0x000000008ee00000, 0x000000008ef00000, 0x000000008ef00000|100%| E|CS|TAMS 0x000000008ee00000| PB 0x000000008ee00000| Complete |  0
|  83|0x000000008ef00000, 0x000000008f000000, 0x000000008f000000|100%| E|CS|TAMS 0x000000008ef00000| PB 0x000000008ef00000| Complete |  0
|  84|0x000000008f000000, 0x000000008f100000, 0x000000008f100000|100%| E|CS|TAMS 0x000000008f000000| PB 0x000000008f000000| Complete |  0
|  85|0x000000008f100000, 0x000000008f200000, 0x000000008f200000|100%| E|CS|TAMS 0x000000008f100000| PB 0x000000008f100000| Complete |  0
|  86|0x000000008f200000, 0x000000008f300000, 0x000000008f300000|100%| E|CS|TAMS 0x000000008f200000| PB 0x000000008f200000| Complete |  0
|  87|0x000000008f300000, 0x000000008f400000, 0x000000008f400000|100%| E|CS|TAMS 0x000000008f300000| PB 0x000000008f300000| Complete |  0
|  88|0x000000008f400000, 0x000000008f500000, 0x000000008f500000|100%| E|CS|TAMS 0x000000008f400000| PB 0x000000008f400000| Complete |  0
|  89|0x000000008f500000, 0x000000008f600000, 0x000000008f600000|100%| E|CS|TAMS 0x000000008f500000| PB 0x000000008f500000| Complete |  0
|  90|0x000000008f600000, 0x000000008f700000, 0x000000008f700000|100%| E|CS|TAMS 0x000000008f600000| PB 0x000000008f600000| Complete |  0
|  91|0x000000008f700000, 0x000000008f800000, 0x000000008f800000|100%| E|CS|TAMS 0x000000008f700000| PB 0x000000008f700000| Complete |  0
|  92|0x000000008f800000, 0x000000008f900000, 0x000000008f900000|100%| E|CS|TAMS 0x000000008f800000| PB 0x000000008f800000| Complete |  0
|  93|0x000000008f900000, 0x000000008fa00000, 0x000000008fa00000|100%| E|CS|TAMS 0x000000008f900000| PB 0x000000008f900000| Complete |  0
|  94|0x000000008fa00000, 0x000000008fb00000, 0x000000008fb00000|100%| E|CS|TAMS 0x000000008fa00000| PB 0x000000008fa00000| Complete |  0
|  95|0x000000008fb00000, 0x000000008fc00000, 0x000000008fc00000|100%| E|CS|TAMS 0x000000008fb00000| PB 0x000000008fb00000| Complete |  0
|  96|0x000000008fc00000, 0x000000008fd00000, 0x000000008fd00000|100%| E|CS|TAMS 0x000000008fc00000| PB 0x000000008fc00000| Complete |  0

Card table byte_map: [0x000001a5b3340000,0x000001a5b3700000] _byte_map_base: 0x000001a5b2ef2000

Marking Bits: (CMBitMap*) 0x000001a5a7c57970
 Bits: [0x000001a5b3700000, 0x000001a5b5490000)

Polling page: 0x000001a5a59f0000

Metaspace:

Usage:
  Non-class:     59.59 MB used.
      Class:     10.62 MB used.
       Both:     70.21 MB used.

Virtual space:
  Non-class space:       64.00 MB reserved,      59.94 MB ( 94%) committed,  1 nodes.
      Class space:        1.00 GB reserved,      10.88 MB (  1%) committed,  1 nodes.
             Both:        1.06 GB reserved,      70.81 MB (  7%) committed. 

Chunk freelists:
   Non-Class:  3.98 MB
       Class:  5.03 MB
        Both:  9.02 MB

MaxMetaspaceSize: unlimited
CompressedClassSpaceSize: 1.00 GB
Initial GC threshold: 21.00 MB
Current GC threshold: 116.25 MB
CDS: on
 - commit_granule_bytes: 65536.
 - commit_granule_words: 8192.
 - virtual_space_node_default_size: 8388608.
 - enlarge_chunks_in_place: 1.
 - use_allocation_guard: 0.


Internal statistics:

num_allocs_failed_limit: 9.
num_arena_births: 1070.
num_arena_deaths: 356.
num_vsnodes_births: 2.
num_vsnodes_deaths: 0.
num_space_committed: 1133.
num_space_uncommitted: 0.
num_chunks_returned_to_freelist: 431.
num_chunks_taken_from_freelist: 3966.
num_chunk_merges: 112.
num_chunk_splits: 2639.
num_chunks_enlarged: 2044.
num_inconsistent_stats: 0.

CodeCache: size=49152Kb used=10213Kb max_used=10574Kb free=38938Kb
 bounds [0x000001a5b0340000, 0x000001a5b0db0000, 0x000001a5b3340000]
 total_blobs=7555, nmethods=6835, adapters=645, full_count=0
Compilation: enabled, stopped_count=0, restarted_count=0

Compilation events (20 events):
Event: 3469.622 Thread 0x000001a5b7732190 8703       1       ch.qos.logback.classic.Level::fromLocationAwareLoggerInteger (103 bytes)
Event: 3469.622 Thread 0x000001a5b7732190 nmethod 8703 0x000001a5b0d1ef08 code [0x000001a5b0d1f060, 0x000001a5b0d1f2f8]
Event: 3469.622 Thread 0x000001a5b7732190 8704       1       org.springframework.http.server.DefaultPathContainer$DefaultPathSegment::valueToMatch (5 bytes)
Event: 3469.622 Thread 0x000001a5b7732190 nmethod 8704 0x000001a5b0d1ec08 code [0x000001a5b0d1ed20, 0x000001a5b0d1ede8]
Event: 3469.622 Thread 0x000001a5b7732190 8706       1       org.hibernate.boot.internal.SessionFactoryOptionsBuilder::getPhysicalConnectionHandlingMode (5 bytes)
Event: 3469.622 Thread 0x000001a5b7732190 nmethod 8706 0x000001a5b0d1e908 code [0x000001a5b0d1ea20, 0x000001a5b0d1eaf0]
Event: 3469.622 Thread 0x000001a5b7732190 8707       1       org.hibernate.boot.internal.SessionFactoryOptionsBuilder::isAutoCloseSessionEnabled (5 bytes)
Event: 3469.622 Thread 0x000001a5b7732190 nmethod 8707 0x000001a5b0d1e608 code [0x000001a5b0d1e720, 0x000001a5b0d1e7f0]
Event: 3469.623 Thread 0x000001a5b7732190 8708       1       org.hibernate.boot.internal.SessionFactoryOptionsBuilder::getJdbcTimeZone (5 bytes)
Event: 3469.623 Thread 0x000001a5b7732190 nmethod 8708 0x000001a5b0d1e308 code [0x000001a5b0d1e420, 0x000001a5b0d1e4f0]
Event: 3469.623 Thread 0x000001a5b7732190 8709       1       org.springframework.orm.jpa.AbstractEntityManagerFactoryBean::getBeanClassLoader (5 bytes)
Event: 3469.623 Thread 0x000001a5b7732190 nmethod 8709 0x000001a5b0d1e008 code [0x000001a5b0d1e120, 0x000001a5b0d1e1e8]
Event: 3469.646 Thread 0x000001a5b7732190 8710       1       org.springframework.core.annotation.AnnotationUtils::getAnnotation (66 bytes)
Event: 3469.654 Thread 0x000001a5b7732190 nmethod 8710 0x000001a5b0d1d788 code [0x000001a5b0d1d960, 0x000001a5b0d1def0]
Event: 3469.654 Thread 0x000001a5b7732190 8711       1       org.springframework.core.annotation.AnnotationUtils$$Lambda/0x000001a5b937d4d0::test (8 bytes)
Event: 3469.654 Thread 0x000001a5b7732190 nmethod 8711 0x000001a5b0d1d488 code [0x000001a5b0d1d5a0, 0x000001a5b0d1d710]
Event: 3469.677 Thread 0x000001a5b7732190 8712       1       org.hibernate.engine.spi.SharedSessionContractImplementor::checkOpen (8 bytes)
Event: 3469.678 Thread 0x000001a5b7732190 nmethod 8712 0x000001a5b0d1d188 code [0x000001a5b0d1d2a0, 0x000001a5b0d1d398]
Event: 3469.712 Thread 0x000001a5b7732190 8713       1       org.hibernate.query.sqm.tree.AbstractSqmNode::<init> (10 bytes)
Event: 3469.712 Thread 0x000001a5b7732190 nmethod 8713 0x000001a5b0d1ce88 code [0x000001a5b0d1cfa0, 0x000001a5b0d1d0b0]

GC Heap History (20 events):
Event: 14.451 GC heap before
{Heap before GC invocations=18 (full 0):
 garbage-first heap   total reserved 1937408K, committed 70656K, used 29593K [0x0000000089c00000, 0x0000000100000000)
  region size 1024K, 3 young (3072K), 1 survivors (1024K)
 Metaspace       used 59464K, committed 60096K, reserved 1114112K
  class space    used 8840K, committed 9152K, reserved 1048576K
}
Event: 14.455 GC heap after
{Heap after GC invocations=19 (full 0):
 garbage-first heap   total reserved 1937408K, committed 70656K, used 28638K [0x0000000089c00000, 0x0000000100000000)
  region size 1024K, 1 young (1024K), 1 survivors (1024K)
 Metaspace       used 59464K, committed 60096K, reserved 1114112K
  class space    used 8840K, committed 9152K, reserved 1048576K
}
Event: 15.121 GC heap before
{Heap before GC invocations=20 (full 0):
 garbage-first heap   total reserved 1937408K, committed 70656K, used 63454K [0x0000000089c00000, 0x0000000100000000)
  region size 1024K, 35 young (35840K), 1 survivors (1024K)
 Metaspace       used 60338K, committed 60992K, reserved 1114112K
  class space    used 9166K, committed 9472K, reserved 1048576K
}
Event: 15.135 GC heap after
{Heap after GC invocations=21 (full 0):
 garbage-first heap   total reserved 1937408K, committed 70656K, used 33007K [0x0000000089c00000, 0x0000000100000000)
  region size 1024K, 5 young (5120K), 5 survivors (5120K)
 Metaspace       used 60338K, committed 60992K, reserved 1114112K
  class space    used 9166K, committed 9472K, reserved 1048576K
}
Event: 15.309 GC heap before
{Heap before GC invocations=21 (full 0):
 garbage-first heap   total reserved 1937408K, committed 70656K, used 60655K [0x0000000089c00000, 0x0000000100000000)
  region size 1024K, 32 young (32768K), 5 survivors (5120K)
 Metaspace       used 60341K, committed 60992K, reserved 1114112K
  class space    used 9166K, committed 9472K, reserved 1048576K
}
Event: 15.320 GC heap after
{Heap after GC invocations=22 (full 0):
 garbage-first heap   total reserved 1937408K, committed 70656K, used 30659K [0x0000000089c00000, 0x0000000100000000)
  region size 1024K, 2 young (2048K), 2 survivors (2048K)
 Metaspace       used 60341K, committed 60992K, reserved 1114112K
  class space    used 9166K, committed 9472K, reserved 1048576K
}
Event: 15.793 GC heap before
{Heap before GC invocations=22 (full 0):
 garbage-first heap   total reserved 1937408K, committed 70656K, used 62403K [0x0000000089c00000, 0x0000000100000000)
  region size 1024K, 33 young (33792K), 2 survivors (2048K)
 Metaspace       used 62065K, committed 62720K, reserved 1114112K
  class space    used 9447K, committed 9728K, reserved 1048576K
}
Event: 15.798 GC heap after
{Heap after GC invocations=23 (full 0):
 garbage-first heap   total reserved 1937408K, committed 102400K, used 30448K [0x0000000089c00000, 0x0000000100000000)
  region size 1024K, 2 young (2048K), 2 survivors (2048K)
 Metaspace       used 62065K, committed 62720K, reserved 1114112K
  class space    used 9447K, committed 9728K, reserved 1048576K
}
Event: 78.105 GC heap before
{Heap before GC invocations=23 (full 0):
 garbage-first heap   total reserved 1937408K, committed 102400K, used 79600K [0x0000000089c00000, 0x0000000100000000)
  region size 1024K, 50 young (51200K), 2 survivors (2048K)
 Metaspace       used 68917K, committed 69696K, reserved 1114112K
  class space    used 10483K, committed 10816K, reserved 1048576K
}
Event: 78.123 GC heap after
{Heap after GC invocations=24 (full 0):
 garbage-first heap   total reserved 1937408K, committed 102400K, used 34384K [0x0000000089c00000, 0x0000000100000000)
  region size 1024K, 5 young (5120K), 5 survivors (5120K)
 Metaspace       used 68917K, committed 69696K, reserved 1114112K
  class space    used 10483K, committed 10816K, reserved 1048576K
}
Event: 239.829 GC heap before
{Heap before GC invocations=24 (full 0):
 garbage-first heap   total reserved 1937408K, committed 102400K, used 46672K [0x0000000089c00000, 0x0000000100000000)
  region size 1024K, 18 young (18432K), 5 survivors (5120K)
 Metaspace       used 70488K, committed 71232K, reserved 1114112K
  class space    used 10725K, committed 11072K, reserved 1048576K
}
Event: 239.941 GC heap after
{Heap after GC invocations=25 (full 1):
 garbage-first heap   total reserved 1937408K, committed 99328K, used 28513K [0x0000000089c00000, 0x0000000100000000)
  region size 1024K, 0 young (0K), 0 survivors (0K)
 Metaspace       used 70314K, committed 71232K, reserved 1114112K
  class space    used 10675K, committed 11072K, reserved 1048576K
}
Event: 241.521 GC heap before
{Heap before GC invocations=25 (full 1):
 garbage-first heap   total reserved 1937408K, committed 99328K, used 75617K [0x0000000089c00000, 0x0000000100000000)
  region size 1024K, 46 young (47104K), 0 survivors (0K)
 Metaspace       used 70467K, committed 71232K, reserved 1114112K
  class space    used 10698K, committed 11072K, reserved 1048576K
}
Event: 241.536 GC heap after
{Heap after GC invocations=26 (full 1):
 garbage-first heap   total reserved 1937408K, committed 99328K, used 32609K [0x0000000089c00000, 0x0000000100000000)
  region size 1024K, 4 young (4096K), 4 survivors (4096K)
 Metaspace       used 70467K, committed 71232K, reserved 1114112K
  class space    used 10698K, committed 11072K, reserved 1048576K
}
Event: 279.064 GC heap before
{Heap before GC invocations=27 (full 1):
 garbage-first heap   total reserved 1937408K, committed 99328K, used 73569K [0x0000000089c00000, 0x0000000100000000)
  region size 1024K, 45 young (46080K), 4 survivors (4096K)
 Metaspace       used 70639K, committed 71360K, reserved 1114112K
  class space    used 10689K, committed 11072K, reserved 1048576K
}
Event: 279.168 GC heap after
{Heap after GC invocations=28 (full 2):
 garbage-first heap   total reserved 1937408K, committed 99328K, used 28217K [0x0000000089c00000, 0x0000000100000000)
  region size 1024K, 0 young (0K), 0 survivors (0K)
 Metaspace       used 70636K, committed 71360K, reserved 1114112K
  class space    used 10688K, committed 11072K, reserved 1048576K
}
Event: 281.191 GC heap before
{Heap before GC invocations=28 (full 2):
 garbage-first heap   total reserved 1937408K, committed 99328K, used 76345K [0x0000000089c00000, 0x0000000100000000)
  region size 1024K, 48 young (49152K), 0 survivors (0K)
 Metaspace       used 70767K, committed 71424K, reserved 1114112K
  class space    used 10704K, committed 11072K, reserved 1048576K
}
Event: 281.202 GC heap after
{Heap after GC invocations=29 (full 2):
 garbage-first heap   total reserved 1937408K, committed 99328K, used 32313K [0x0000000089c00000, 0x0000000100000000)
  region size 1024K, 4 young (4096K), 4 survivors (4096K)
 Metaspace       used 70767K, committed 71424K, reserved 1114112K
  class space    used 10704K, committed 11072K, reserved 1048576K
}
Event: 2085.827 GC heap before
{Heap before GC invocations=30 (full 2):
 garbage-first heap   total reserved 1937408K, committed 99328K, used 80441K [0x0000000089c00000, 0x0000000100000000)
  region size 1024K, 51 young (52224K), 4 survivors (4096K)
 Metaspace       used 71054K, committed 71680K, reserved 1114112K
  class space    used 10730K, committed 11072K, reserved 1048576K
}
Event: 2085.846 GC heap after
{Heap after GC invocations=31 (full 2):
 garbage-first heap   total reserved 1937408K, committed 99328K, used 33537K [0x0000000089c00000, 0x0000000100000000)
  region size 1024K, 3 young (3072K), 3 survivors (3072K)
 Metaspace       used 71054K, committed 71680K, reserved 1114112K
  class space    used 10730K, committed 11072K, reserved 1048576K
}

Dll operation events (10 events):
Event: 0.019 Loaded shared library C:\Program Files\Java\jdk-23.0.2\bin\java.dll
Event: 0.400 Loaded shared library C:\Program Files\Java\jdk-23.0.2\bin\net.dll
Event: 0.408 Loaded shared library C:\Program Files\Java\jdk-23.0.2\bin\nio.dll
Event: 0.416 Loaded shared library C:\Program Files\Java\jdk-23.0.2\bin\zip.dll
Event: 0.771 Loaded shared library C:\Program Files\Java\jdk-23.0.2\bin\jimage.dll
Event: 1.533 Loaded shared library C:\Program Files\Java\jdk-23.0.2\bin\management.dll
Event: 1.539 Loaded shared library C:\Program Files\Java\jdk-23.0.2\bin\management_ext.dll
Event: 3.784 Loaded shared library C:\Program Files\Java\jdk-23.0.2\bin\sunmscapi.dll
Event: 8.540 Loaded shared library C:\Program Files\Java\jdk-23.0.2\bin\verify.dll
Event: 9.162 Loaded shared library C:\Program Files\Java\jdk-23.0.2\bin\extnet.dll

Deoptimization events (2 events):
Event: 6.518 Thread 0x000001a5fd4ec790 DEOPT PACKING pc=0x000001a5b091ff44 sp=0x0000005416cfbe20
Event: 6.518 Thread 0x000001a5fd4ec790 DEOPT UNPACKING pc=0x000001a5b0394b83 sp=0x0000005416cfb2d8 mode 0

Classes loaded (20 events):
Event: 239.754 Loading class java/util/AbstractMap$2
Event: 239.754 Loading class java/util/AbstractMap$2 done
Event: 239.755 Loading class java/util/AbstractMap$ValueIterator
Event: 239.755 Loading class java/util/AbstractMap$ValueIterator done
Event: 239.962 Loading class java/lang/ref/Finalizer$2
Event: 239.962 Loading class java/lang/ref/Finalizer$2 done
Event: 239.962 Loading class java/lang/ref/Finalizer$1
Event: 239.962 Loading class java/lang/ref/Finalizer$1 done
Event: 240.150 Loading class java/io/FileOutputStream$1
Event: 240.150 Loading class java/io/FileOutputStream$1 done
Event: 242.728 Loading class java/time/DurationEditor
Event: 242.728 Loading class java/time/DurationEditor done
Event: 280.517 Loading class java/lang/invoke/MethodHandleImpl$CountingWrapper$1
Event: 280.517 Loading class java/lang/invoke/MethodHandleImpl$CountingWrapper$1 done
Event: 3469.211 Loading class jdk/internal/reflect/MethodHandleBooleanFieldAccessorImpl
Event: 3469.212 Loading class jdk/internal/reflect/MethodHandleBooleanFieldAccessorImpl done
Event: 3469.306 Loading class java/util/stream/LongStream
Event: 3469.311 Loading class java/util/stream/LongStream done
Event: 3469.311 Loading class java/util/stream/DoubleStream
Event: 3469.313 Loading class java/util/stream/DoubleStream done

Classes unloaded (20 events):
Event: 241.625 Thread 0x000001a5b770fc30 Unloading class 0x000001a5b911a800 'java/lang/invoke/LambdaForm$MH+0x000001a5b911a800'
Event: 241.625 Thread 0x000001a5b770fc30 Unloading class 0x000001a5b911a400 'java/lang/invoke/LambdaForm$MH+0x000001a5b911a400'
Event: 241.625 Thread 0x000001a5b770fc30 Unloading class 0x000001a5b911a000 'java/lang/invoke/LambdaForm$MH+0x000001a5b911a000'
Event: 241.625 Thread 0x000001a5b770fc30 Unloading class 0x000001a5b9119c00 'java/lang/invoke/LambdaForm$MH+0x000001a5b9119c00'
Event: 241.625 Thread 0x000001a5b770fc30 Unloading class 0x000001a5b9119400 'java/lang/invoke/LambdaForm$MH+0x000001a5b9119400'
Event: 241.625 Thread 0x000001a5b770fc30 Unloading class 0x000001a5b9119000 'java/lang/invoke/LambdaForm$MH+0x000001a5b9119000'
Event: 241.625 Thread 0x000001a5b770fc30 Unloading class 0x000001a5b9118c00 'java/lang/invoke/LambdaForm$MH+0x000001a5b9118c00'
Event: 241.625 Thread 0x000001a5b770fc30 Unloading class 0x000001a5b9095c00 'java/lang/invoke/LambdaForm$MH+0x000001a5b9095c00'
Event: 241.625 Thread 0x000001a5b770fc30 Unloading class 0x000001a5b903b000 'java/lang/invoke/LambdaForm$MH+0x000001a5b903b000'
Event: 241.625 Thread 0x000001a5b770fc30 Unloading class 0x000001a5b903a000 'java/lang/invoke/LambdaForm$MH+0x000001a5b903a000'
Event: 241.625 Thread 0x000001a5b770fc30 Unloading class 0x000001a5b9039c00 'java/lang/invoke/LambdaForm$MH+0x000001a5b9039c00'
Event: 241.625 Thread 0x000001a5b770fc30 Unloading class 0x000001a5b9039400 'java/lang/invoke/LambdaForm$MH+0x000001a5b9039400'
Event: 241.625 Thread 0x000001a5b770fc30 Unloading class 0x000001a5b9038c00 'java/lang/invoke/LambdaForm$MH+0x000001a5b9038c00'
Event: 241.625 Thread 0x000001a5b770fc30 Unloading class 0x000001a5b901bc00 'java/lang/invoke/LambdaForm$MH+0x000001a5b901bc00'
Event: 241.625 Thread 0x000001a5b770fc30 Unloading class 0x000001a5b901b400 'java/lang/invoke/LambdaForm$MH+0x000001a5b901b400'
Event: 241.625 Thread 0x000001a5b770fc30 Unloading class 0x000001a5b901ac00 'java/lang/invoke/LambdaForm$MH+0x000001a5b901ac00'
Event: 241.625 Thread 0x000001a5b770fc30 Unloading class 0x000001a5b901a800 'java/lang/invoke/LambdaForm$MH+0x000001a5b901a800'
Event: 241.625 Thread 0x000001a5b770fc30 Unloading class 0x000001a5b9011800 'java/lang/invoke/LambdaForm$MH+0x000001a5b9011800'
Event: 241.625 Thread 0x000001a5b770fc30 Unloading class 0x000001a5b9010400 'java/lang/invoke/LambdaForm$MH+0x000001a5b9010400'
Event: 279.105 Thread 0x000001a5b770fc30 Unloading class 0x000001a5b9ae0000 'org/apache/catalina/loader/JdbcLeakPrevention'

Classes redefined (0 events):
No events

Internal exceptions (20 events):
Event: 241.012 Thread 0x000001a580466960 Exception <a 'java/lang/NoClassDefFoundError'{0x000000008dfde920}: org/springframework/session/jdbc/JdbcIndexedSessionRepository> (0x000000008dfde920) 
thrown [s\open\src\hotspot\share\oops\constantPool.cpp, line 867]
Event: 241.130 Thread 0x000001a580466960 Exception <a 'java/lang/NoSuchMethodError'{0x000000008d8c3df8}: 'int java.lang.invoke.DirectMethodHandle$Holder.invokeVirtual(java.lang.Object, java.lang.Object, java.lang.Object, java.lang.Object)'> (0x000000008d8c3df8) 
thrown [s\open\src\hotspot\share\interpreter\linkResolver.cpp, line 796]
Event: 241.130 Thread 0x000001a580466960 Exception <a 'java/lang/NoSuchMethodError'{0x000000008d8c73f8}: 'int java.lang.invoke.DelegatingMethodHandle$Holder.reinvoke_L(java.lang.Object, java.lang.Object, java.lang.Object, java.lang.Object)'> (0x000000008d8c73f8) 
thrown [s\open\src\hotspot\share\interpreter\linkResolver.cpp, line 796]
Event: 241.168 Thread 0x000001a580466960 Exception <a 'java/io/FileNotFoundException'{0x000000008d71dc40}> (0x000000008d71dc40) 
thrown [s\open\src\hotspot\share\prims\jni.cpp, line 520]
Event: 241.213 Thread 0x000001a580466960 Exception <a 'java/io/FileNotFoundException'{0x000000008d524a20}> (0x000000008d524a20) 
thrown [s\open\src\hotspot\share\prims\jni.cpp, line 520]
Event: 242.684 Thread 0x000001a580466960 Exception <a 'java/io/FileNotFoundException'{0x000000008e78e188}> (0x000000008e78e188) 
thrown [s\open\src\hotspot\share\prims\jni.cpp, line 520]
Event: 242.685 Thread 0x000001a580466960 Exception <a 'java/io/FileNotFoundException'{0x000000008e798920}> (0x000000008e798920) 
thrown [s\open\src\hotspot\share\prims\jni.cpp, line 520]
Event: 279.063 Thread 0x000001a580460060 Exception <a 'java/lang/InterruptedException'{0x000000008d4585a8}: sleep interrupted> (0x000000008d4585a8) 
thrown [s\open\src\hotspot\share\prims\jvm.cpp, line 3093]
Event: 279.257 Thread 0x000001a5fec396f0 Exception <a 'sun/nio/fs/WindowsException'{0x000000008fc7c318}> (0x000000008fc7c318) 
thrown [s\open\src\hotspot\share\prims\jni.cpp, line 520]
Event: 280.526 Thread 0x000001a5fec396f0 Exception <a 'java/lang/NoClassDefFoundError'{0x000000008e0adc60}: org/flywaydb/core/Flyway> (0x000000008e0adc60) 
thrown [s\open\src\hotspot\share\oops\constantPool.cpp, line 867]
Event: 280.526 Thread 0x000001a5fec396f0 Exception <a 'java/lang/NoClassDefFoundError'{0x000000008e0ae2c0}: liquibase/integration/spring/SpringLiquibase> (0x000000008e0ae2c0) 
thrown [s\open\src\hotspot\share\oops\constantPool.cpp, line 867]
Event: 280.558 Thread 0x000001a5fec396f0 Exception <a 'java/lang/NoClassDefFoundError'{0x000000008df1da08}: org/jooq/DSLContext> (0x000000008df1da08) 
thrown [s\open\src\hotspot\share\oops\constantPool.cpp, line 867]
Event: 280.560 Thread 0x000001a5fec396f0 Exception <a 'java/lang/NoClassDefFoundError'{0x000000008df2bb28}: org/springframework/batch/core/repository/JobRepository> (0x000000008df2bb28) 
thrown [s\open\src\hotspot\share\oops\constantPool.cpp, line 867]
Event: 280.560 Thread 0x000001a5fec396f0 Exception <a 'java/lang/NoClassDefFoundError'{0x000000008df2c180}: org/quartz/Scheduler> (0x000000008df2c180) 
thrown [s\open\src\hotspot\share\oops\constantPool.cpp, line 867]
Event: 280.560 Thread 0x000001a5fec396f0 Exception <a 'java/lang/NoClassDefFoundError'{0x000000008df2c800}: org/springframework/session/jdbc/JdbcIndexedSessionRepository> (0x000000008df2c800) 
thrown [s\open\src\hotspot\share\oops\constantPool.cpp, line 867]
Event: 280.738 Thread 0x000001a5fec396f0 Exception <a 'java/io/FileNotFoundException'{0x000000008d80c128}> (0x000000008d80c128) 
thrown [s\open\src\hotspot\share\prims\jni.cpp, line 520]
Event: 280.804 Thread 0x000001a5fec396f0 Exception <a 'java/io/FileNotFoundException'{0x000000008d615908}> (0x000000008d615908) 
thrown [s\open\src\hotspot\share\prims\jni.cpp, line 520]
Event: 282.182 Thread 0x000001a5fec396f0 Exception <a 'java/io/FileNotFoundException'{0x000000008eb4f5c0}> (0x000000008eb4f5c0) 
thrown [s\open\src\hotspot\share\prims\jni.cpp, line 520]
Event: 282.185 Thread 0x000001a5fec396f0 Exception <a 'java/io/FileNotFoundException'{0x000000008eb59d58}> (0x000000008eb59d58) 
thrown [s\open\src\hotspot\share\prims\jni.cpp, line 520]
Event: 3469.213 Thread 0x000001a580461410 Exception <a 'java/lang/NoSuchMethodError'{0x000000008e0710c0}: 'void java.lang.invoke.Invokers$Holder.invokeExact_MT(java.lang.Object, java.lang.Object, int, java.lang.Object)'> (0x000000008e0710c0) 
thrown [s\open\src\hotspot\share\interpreter\linkResolver.cpp, line 796]

VM Operations (20 events):
Event: 241.624 Executing VM operation: G1PauseRemark
Event: 241.640 Executing VM operation: G1PauseRemark done
Event: 241.670 Executing VM operation: G1PauseCleanup
Event: 241.670 Executing VM operation: G1PauseCleanup done
Event: 279.064 Executing VM operation: G1CollectFull (System.gc())
Event: 279.168 Executing VM operation: G1CollectFull (System.gc()) done
Event: 281.190 Executing VM operation: G1CollectForAllocation (G1 Evacuation Pause)
Event: 281.202 Executing VM operation: G1CollectForAllocation (G1 Evacuation Pause) done
Event: 281.298 Executing VM operation: G1PauseRemark
Event: 281.345 Executing VM operation: G1PauseRemark done
Event: 281.376 Executing VM operation: G1PauseCleanup
Event: 281.414 Executing VM operation: G1PauseCleanup done
Event: 300.831 Executing VM operation: HandshakeAllThreads (HandshakeForDeflation)
Event: 300.831 Executing VM operation: HandshakeAllThreads (HandshakeForDeflation) done
Event: 300.831 Executing VM operation: RendezvousGCThreads
Event: 300.831 Executing VM operation: RendezvousGCThreads done
Event: 2085.827 Executing VM operation: G1CollectForAllocation (G1 Evacuation Pause)
Event: 2085.846 Executing VM operation: G1CollectForAllocation (G1 Evacuation Pause) done
Event: 3469.242 Executing VM operation: HandshakeAllThreads (Deoptimize)
Event: 3469.243 Executing VM operation: HandshakeAllThreads (Deoptimize) done

Memory protections (0 events):
No events

Nmethod flushes (20 events):
Event: 281.344 Thread 0x000001a5b770fc30 flushing  nmethod 0x000001a5b0c58188
Event: 281.344 Thread 0x000001a5b770fc30 flushing  nmethod 0x000001a5b0c59908
Event: 281.344 Thread 0x000001a5b770fc30 flushing  nmethod 0x000001a5b0c5e588
Event: 281.344 Thread 0x000001a5b770fc30 flushing  nmethod 0x000001a5b0c5eb88
Event: 281.344 Thread 0x000001a5b770fc30 flushing  nmethod 0x000001a5b0c5f788
Event: 281.344 Thread 0x000001a5b770fc30 flushing  nmethod 0x000001a5b0c61d08
Event: 281.344 Thread 0x000001a5b770fc30 flushing  nmethod 0x000001a5b0c6ea08
Event: 281.344 Thread 0x000001a5b770fc30 flushing  nmethod 0x000001a5b0c70108
Event: 281.344 Thread 0x000001a5b770fc30 flushing  nmethod 0x000001a5b0c70408
Event: 281.344 Thread 0x000001a5b770fc30 flushing  nmethod 0x000001a5b0c70708
Event: 281.344 Thread 0x000001a5b770fc30 flushing  nmethod 0x000001a5b0c91688
Event: 281.344 Thread 0x000001a5b770fc30 flushing  nmethod 0x000001a5b0c91c88
Event: 281.344 Thread 0x000001a5b770fc30 flushing  nmethod 0x000001a5b0c93708
Event: 281.344 Thread 0x000001a5b770fc30 flushing  nmethod 0x000001a5b0ca2e88
Event: 281.344 Thread 0x000001a5b770fc30 flushing  nmethod 0x000001a5b0ca4e08
Event: 281.344 Thread 0x000001a5b770fc30 flushing  nmethod 0x000001a5b0ca5108
Event: 281.344 Thread 0x000001a5b770fc30 flushing  nmethod 0x000001a5b0ca5788
Event: 281.344 Thread 0x000001a5b770fc30 flushing  nmethod 0x000001a5b0ca5d88
Event: 281.344 Thread 0x000001a5b770fc30 flushing  nmethod 0x000001a5b0cab088
Event: 281.344 Thread 0x000001a5b770fc30 flushing  nmethod 0x000001a5b0cad288

Events (20 events):
Event: 282.558 Thread 0x000001a5fec396f0 Thread added: 0x000001a580464200
Event: 282.596 Thread 0x000001a5fec396f0 Thread added: 0x000001a580464890
Event: 282.596 Thread 0x000001a5fec396f0 Thread added: 0x000001a580461410
Event: 282.597 Thread 0x000001a5fec396f0 Thread added: 0x000001a580462e50
Event: 282.597 Thread 0x000001a5fec396f0 Thread added: 0x000001a5804606f0
Event: 282.597 Thread 0x000001a5fec396f0 Thread added: 0x000001a580462130
Event: 282.597 Thread 0x000001a5fec396f0 Thread added: 0x000001a5804627c0
Event: 282.597 Thread 0x000001a5fec396f0 Thread added: 0x000001a5804634e0
Event: 282.597 Thread 0x000001a5fec396f0 Thread added: 0x000001a580463b70
Event: 282.597 Thread 0x000001a5fec396f0 Thread added: 0x000001a5804655b0
Event: 282.598 Thread 0x000001a5fec396f0 Thread added: 0x000001a580464f20
Event: 282.600 Thread 0x000001a5fec396f0 Thread added: 0x000001a580465c40
Event: 282.601 Thread 0x000001a5fec396f0 Thread added: 0x000001a5804662d0
Event: 282.645 Thread 0x000001a5fec396f0 Thread exited: 0x000001a5fec396f0
Event: 282.645 Thread 0x000001a5fec3be50 Thread exited: 0x000001a5fec3be50
Event: 288.255 Thread 0x000001a5fec3aaa0 Thread exited: 0x000001a5fec3aaa0
Event: 2068.148 Thread 0x000001a5fec39060 Thread added: 0x000001a580460060
Event: 2068.215 Thread 0x000001a580460060 Thread added: 0x000001a580466960
Event: 2082.106 Thread 0x000001a580460060 Thread exited: 0x000001a580460060
Event: 2082.325 Thread 0x000001a580466960 Thread exited: 0x000001a580466960


Dynamic libraries:
0x00007ff77f4e0000 - 0x00007ff77f4f0000 	C:\Program Files\Java\jdk-23.0.2\bin\java.exe
0x00007ffac2170000 - 0x00007ffac2388000 	C:\Windows\SYSTEM32\ntdll.dll
0x00007ffabff50000 - 0x00007ffac0014000 	C:\Windows\System32\KERNEL32.DLL
0x00007ffabfa30000 - 0x00007ffabfe03000 	C:\Windows\System32\KERNELBASE.dll
0x00007ffabf910000 - 0x00007ffabfa21000 	C:\Windows\System32\ucrtbase.dll
0x00007ffab7a00000 - 0x00007ffab7a17000 	C:\Program Files\Java\jdk-23.0.2\bin\jli.dll
0x00007ffac1e90000 - 0x00007ffac2042000 	C:\Windows\System32\USER32.dll
0x00007ffabf6f0000 - 0x00007ffabf716000 	C:\Windows\System32\win32u.dll
0x00007ffac2100000 - 0x00007ffac2129000 	C:\Windows\System32\GDI32.dll
0x00007ffabf270000 - 0x00007ffabf393000 	C:\Windows\System32\gdi32full.dll
0x00007ffabf3d0000 - 0x00007ffabf46a000 	C:\Windows\System32\msvcp_win.dll
0x00007ffab79e0000 - 0x00007ffab79fb000 	C:\Program Files\Java\jdk-23.0.2\bin\VCRUNTIME140.dll
0x00007ffab1850000 - 0x00007ffab1aec000 	C:\Windows\WinSxS\amd64_microsoft.windows.common-controls_6595b64144ccf1df_6.0.22621.6060_none_2712eda17382d24b\COMCTL32.dll
0x00007ffac2050000 - 0x00007ffac20f7000 	C:\Windows\System32\msvcrt.dll
0x00007ffac08c0000 - 0x00007ffac08f1000 	C:\Windows\System32\IMM32.DLL
0x00007ffaba4a0000 - 0x00007ffaba4ac000 	C:\Program Files\Java\jdk-23.0.2\bin\vcruntime140_1.dll
0x00007ffab4930000 - 0x00007ffab49be000 	C:\Program Files\Java\jdk-23.0.2\bin\msvcp140.dll
0x00007ffa8dce0000 - 0x00007ffa8ea30000 	C:\Program Files\Java\jdk-23.0.2\bin\server\jvm.dll
0x00007ffabfe90000 - 0x00007ffabff41000 	C:\Windows\System32\ADVAPI32.dll
0x00007ffac1330000 - 0x00007ffac13d8000 	C:\Windows\System32\sechost.dll
0x00007ffabf3a0000 - 0x00007ffabf3c8000 	C:\Windows\System32\bcrypt.dll
0x00007ffac0160000 - 0x00007ffac0278000 	C:\Windows\System32\RPCRT4.dll
0x00007ffabfe10000 - 0x00007ffabfe81000 	C:\Windows\System32\WS2_32.dll
0x00007ffabe0a0000 - 0x00007ffabe0ed000 	C:\Windows\SYSTEM32\POWRPROF.dll
0x00007ffaadd90000 - 0x00007ffaaddc4000 	C:\Windows\SYSTEM32\WINMM.dll
0x00007ffab0fb0000 - 0x00007ffab0fba000 	C:\Windows\SYSTEM32\VERSION.dll
0x00007ffabe080000 - 0x00007ffabe093000 	C:\Windows\SYSTEM32\UMPDC.dll
0x00007ffabe330000 - 0x00007ffabe348000 	C:\Windows\SYSTEM32\kernel.appcore.dll
0x00007ffab8590000 - 0x00007ffab859a000 	C:\Program Files\Java\jdk-23.0.2\bin\jimage.dll
0x00007ffaab260000 - 0x00007ffaab493000 	C:\Windows\SYSTEM32\DBGHELP.DLL
0x00007ffac0520000 - 0x00007ffac08b2000 	C:\Windows\System32\combase.dll
0x00007ffac1060000 - 0x00007ffac1138000 	C:\Windows\System32\OLEAUT32.dll
0x00007ffaa5480000 - 0x00007ffaa54b2000 	C:\Windows\SYSTEM32\dbgcore.DLL
0x00007ffabf470000 - 0x00007ffabf4eb000 	C:\Windows\System32\bcryptPrimitives.dll
0x00007ffab79c0000 - 0x00007ffab79de000 	C:\Program Files\Java\jdk-23.0.2\bin\java.dll
0x00007ffac1cf0000 - 0x00007ffac1e90000 	C:\Windows\System32\ole32.dll
0x00007ffac13f0000 - 0x00007ffac1c8e000 	C:\Windows\System32\SHELL32.dll
0x00007ffabf5b0000 - 0x00007ffabf6ef000 	C:\Windows\System32\wintypes.dll
0x00007ffabd150000 - 0x00007ffabda68000 	C:\Windows\SYSTEM32\windows.storage.dll
0x00007ffac0280000 - 0x00007ffac0384000 	C:\Windows\System32\SHCORE.dll
0x00007ffac0fd0000 - 0x00007ffac1039000 	C:\Windows\System32\shlwapi.dll
0x00007ffabf1a0000 - 0x00007ffabf1c5000 	C:\Windows\SYSTEM32\profapi.dll
0x00007ffab6aa0000 - 0x00007ffab6ab0000 	C:\Program Files\Java\jdk-23.0.2\bin\net.dll
0x00007ffabe810000 - 0x00007ffabe879000 	C:\Windows\system32\mswsock.dll
0x00007ffab63d0000 - 0x00007ffab63e6000 	C:\Program Files\Java\jdk-23.0.2\bin\nio.dll
0x00007ffab63b0000 - 0x00007ffab63c7000 	C:\Program Files\Java\jdk-23.0.2\bin\zip.dll
0x00007ffab6370000 - 0x00007ffab637a000 	C:\Program Files\Java\jdk-23.0.2\bin\management.dll
0x00007ffab5970000 - 0x00007ffab597b000 	C:\Program Files\Java\jdk-23.0.2\bin\management_ext.dll
0x00007ffac0390000 - 0x00007ffac0398000 	C:\Windows\System32\PSAPI.DLL
0x00007ffab4920000 - 0x00007ffab492e000 	C:\Program Files\Java\jdk-23.0.2\bin\sunmscapi.dll
0x00007ffabf720000 - 0x00007ffabf888000 	C:\Windows\System32\CRYPT32.dll
0x00007ffabec20000 - 0x00007ffabec4e000 	C:\Windows\SYSTEM32\ncrypt.dll
0x00007ffabebe0000 - 0x00007ffabec17000 	C:\Windows\SYSTEM32\NTASN1.dll
0x00007ffabea60000 - 0x00007ffabea7b000 	C:\Windows\SYSTEM32\CRYPTSP.dll
0x00007ffabe290000 - 0x00007ffabe2c7000 	C:\Windows\system32\rsaenh.dll
0x00007ffabe900000 - 0x00007ffabe928000 	C:\Windows\SYSTEM32\USERENV.dll
0x00007ffabea80000 - 0x00007ffabea8c000 	C:\Windows\SYSTEM32\CRYPTBASE.dll
0x00007ffabddd0000 - 0x00007ffabddfd000 	C:\Windows\SYSTEM32\IPHLPAPI.DLL
0x00007ffac0970000 - 0x00007ffac0979000 	C:\Windows\System32\NSI.dll
0x00007ffab66f0000 - 0x00007ffab6700000 	C:\Program Files\Java\jdk-23.0.2\bin\verify.dll
0x00007ffabde00000 - 0x00007ffabdef8000 	C:\Windows\SYSTEM32\DNSAPI.dll
0x00007ffaaea20000 - 0x00007ffaaea2a000 	C:\Windows\System32\rasadhlp.dll
0x00007ffab7850000 - 0x00007ffab78d4000 	C:\Windows\System32\fwpuclnt.dll
0x00007ffab4910000 - 0x00007ffab4919000 	C:\Program Files\Java\jdk-23.0.2\bin\extnet.dll
0x00007ffa7ae90000 - 0x00007ffa7ae98000 	C:\Windows\system32\wshunix.dll

dbghelp: loaded successfully - version: 4.0.5 - missing functions: none
symbol engine: initialized successfully - sym options: 0x614 - pdb path: .;C:\Program Files\Java\jdk-23.0.2\bin;C:\Windows\SYSTEM32;C:\Windows\WinSxS\amd64_microsoft.windows.common-controls_6595b64144ccf1df_6.0.22621.6060_none_2712eda17382d24b;C:\Program Files\Java\jdk-23.0.2\bin\server

VM Arguments:
jvm_args: -XX:TieredStopAtLevel=1 
java_command: com.example.SpringBoot.Application
java_class_path (initial): D:\L3\ProjetSpring\SpringBoot\target\classes;C:\Users\Daemon 96\.m2\repository\ch\qos\logback\logback-classic\1.5.16\logback-classic-1.5.16.jar;C:\Users\Daemon 96\.m2\repository\ch\qos\logback\logback-core\1.5.16\logback-core-1.5.16.jar;C:\Users\Daemon 96\.m2\repository\org\apache\logging\log4j\log4j-to-slf4j\2.24.3\log4j-to-slf4j-2.24.3.jar;C:\Users\Daemon 96\.m2\repository\org\apache\logging\log4j\log4j-api\2.24.3\log4j-api-2.24.3.jar;C:\Users\Daemon 96\.m2\repository\org\slf4j\jul-to-slf4j\2.0.16\jul-to-slf4j-2.0.16.jar;C:\Users\Daemon 96\.m2\repository\jakarta\annotation\jakarta.annotation-api\2.1.1\jakarta.annotation-api-2.1.1.jar;C:\Users\Daemon 96\.m2\repository\org\yaml\snakeyaml\2.3\snakeyaml-2.3.jar;C:\Users\Daemon 96\.m2\repository\com\zaxxer\HikariCP\5.1.0\HikariCP-5.1.0.jar;C:\Users\Daemon 96\.m2\repository\org\springframework\spring-jdbc\6.2.2\spring-jdbc-6.2.2.jar;C:\Users\Daemon 96\.m2\repository\org\hibernate\orm\hibernate-core\6.6.5.Final\hibernate-core-6.6.5.Final.jar;C:\Users\Daemon 96\.m2\repository\jakarta\persistence\jakarta.persistence-api\3.1.0\jakarta.persistence-api-3.1.0.jar;C:\Users\Daemon 96\.m2\repository\jakarta\transaction\jakarta.transaction-api\2.0.1\jakarta.transaction-api-2.0.1.jar;C:\Users\Daemon 96\.m2\repository\org\jboss\logging\jboss-logging\3.6.1.Final\jboss-logging-3.6.1.Final.jar;C:\Users\Daemon 96\.m2\repository\org\hibernate\common\hibernate-commons-annotations\7.0.3.Final\hibernate-commons-annotations-7.0.3.Final.jar;C:\Users\Daemon 96\.m2\repository\io\smallrye\jandex\3.2.0\jandex-3.2.0.jar;C:\Users\Daemon 96\.m2\repository\com\fasterxml\classmate\1.7.0\classmate-1.7.0.jar;C:\Users\Daemon 96\.m2\repository\net\bytebuddy\byte-buddy\1.15.11\byte-buddy-1.15.11.jar;C:\Users\Daemon 96\.m2\repository\org\glassfish\jaxb\jaxb-runtime\4.0.5\jaxb-runtime-4.0.5.jar;C:\Users\Daemon 96\.m2\repository\org\glassfish\jaxb\jaxb-core\4.0.5\jaxb-core-4.0.5.jar;C:\Users\Daemon 96\.m2\repository\org\glassfish\jaxb\txw2\4.0.5\txw2-4.0.5.jar;C:\Users\Daemon 96\.m2\repository\com\sun\istack\istack-commons-runtime\4.1.2\istack-commons-runtime-4.1.2.jar;C:\Users\Daemon 96\.m2\repository\jakarta\inject\jakarta.inject-api\2.0.1\jakarta.inject-api-2.0.1.jar;C:\Users\Daemon 96\.m2\repository\org\antlr\antlr4-runtime\4.13.0\antlr4-runtime-4.13.0.jar;C:\Users\Daemon 96\.m2\repository\org\springframework\data\spring-data-jpa\3.4.2\spring-data-jpa-3.4.2.jar;C:\Users\Daemon 96\.m2\repository\org\springframework\data\spring-data-commons\3.4.2\spring-data-commons-3.4.2.jar;C:\Users\Daemon 96\.m2\repository\org\springframework\spring-orm\6.2.2\spring-orm-6.2.2.jar;C:\Users\Daemon 96\.m2\repository\org\springframework\spring-context\6.2.2\spring-context-6.2.2.jar;C:\Users\Daemon 96\.m2\repository\org\springframework\spring-tx\6.2.2\spring-tx-6.2.2.jar;C:\Users\Daemon 96\.m2\repository\org\springframework\spring-beans\6.2.2\spring-beans-6.2.2.jar;C:\Users\Daemon 96\.m2\repository\org\slf4j\slf4j-api\2.0.16\slf4j-api-2.0.16.jar;C:\Users\Daemon 96\.m2\repository\org\springframework\spring-aspects\6.2.2\spring-aspects-6.2.2.jar;C:\Users\Daemon 96\.m2\repository\org\aspectj\aspectjweaver\1.9.22.1\aspectjweaver-1.9.22.1.jar;C:\Users\Daemon 96\.m2\repository\com\fasterxml\jackson\datatype\jackson-datatype-jdk8\2.18.2\jackson-datatype-jdk8-2.18.2.jar;C:\Users\Daemon 96\.m2\repository\com\fasterxml\jackson\datatype\jackson-datatype-jsr310\2.18.2\jackson-datatype-jsr310-2.18.2.jar;C:\Users\Daemon 96\.m2\repository\com\fasterxml\jackson\module\jackson-module-parameter-names\2.18.2\jackson-module-parameter-names-2.18.2.jar;C:\Users\Daemon 96\.m2\repository\org\apache\tomcat\embed\tomcat-embed-core\10.1.34\tomcat-embed-core-10.1.34.jar;C:\Users\Daemon 96\.m2\repository\org\apache\tomcat\embed\tomcat-embed-el\10.1.34\tomcat-embed-el-10.1.34.jar;C:\Users\Daemon 96\.m2\repository\org\apache\tomcat\embed\tomcat-embed-websocket\10.1.34\tomcat-embed-websocket-10.1.34.jar;C:\Users\Daemon 96\.m2\repository\org\springframework\spring-web\6.2.2\spring-web-6.2.2.jar;C:\Users\Daemon 96\.m2\repository\io\micrometer\micrometer-observation\1.14.3\micrometer-observation-1.14.3.jar;C:\Users\Daemon 96\.m2\repository\io\micrometer\micrometer-commons\1.14.3\micrometer-commons-1.14.3.jar;C:\Users\Daemon 96\.m2\repository\org\springframework\spring-webmvc\6.2.2\spring-webmvc-6.2.2.jar;C:\Users\Daemon 96\.m2\repository\org\springframework\spring-expression\6.2.2\spring-expression-6.2.2.jar;C:\Users\Daemon 96\.m2\repository\org\springframework\spring-aop\6.2.2\spring-aop-6.2.2.jar;C:\Users\Daemon 96\.m2\repository\org\springframework\security\spring-security-config\6.4.2\spring-security-config-6.4.2.jar;C:\Users\Daemon 96\.m2\repository\org\springframework\security\spring-security-core\6.4.2\spring-security-core-6.4.2.jar;C:\Users\Daemon 96\.m2\repository\org\springframework\security\spring-security-crypto\6.4.2\spring-security-crypto-6.4.2.jar;C:\Users\Daemon 96\.m2\repository\org\springframework\security\spring-security-web\6.4.2\spring-security-web-6.4.2.jar;C:\Users\Daemon 96\.m2\repository\org\springframework\boot\spring-boot-devtools\3.4.2\spring-boot-devtools-3.4.2.jar;C:\Users\Daemon 96\.m2\repository\org\springframework\boot\spring-boot\3.4.2\spring-boot-3.4.2.jar;C:\Users\Daemon 96\.m2\repository\org\springframework\boot\spring-boot-autoconfigure\3.4.2\spring-boot-autoconfigure-3.4.2.jar;C:\Users\Daemon 96\.m2\repository\org\postgresql\postgresql\42.7.5\postgresql-42.7.5.jar;C:\Users\Daemon 96\.m2\repository\org\checkerframework\checker-qual\3.48.3\checker-qual-3.48.3.jar;C:\Users\Daemon 96\.m2\repository\org\springframework\spring-context-support\6.2.2\spring-context-support-6.2.2.jar;C:\Users\Daemon 96\.m2\repository\org\eclipse\angus\jakarta.mail\2.0.3\jakarta.mail-2.0.3.jar;C:\Users\Daemon 96\.m2\repository\jakarta\activation\jakarta.activation-api\2.1.3\jakarta.activation-api-2.1.3.jar;C:\Users\Daemon 96\.m2\repository\org\eclipse\angus\angus-activation\2.0.2\angus-activation-2.0.2.jar;C:\Users\Daemon 96\.m2\repository\jakarta\xml\bind\jakarta.xml.bind-api\4.0.2\jakarta.xml.bind-api-4.0.2.jar;C:\Users\Daemon 96\.m2\repository\org\springframework\spring-core\6.2.2\spring-core-6.2.2.jar;C:\Users\Daemon 96\.m2\repository\org\springframework\spring-jcl\6.2.2\spring-jcl-6.2.2.jar;C:\Users\Daemon 96\.m2\repository\com\fasterxml\jackson\core\jackson-databind\2.18.2\jackson-databind-2.18.2.jar;C:\Users\Daemon 96\.m2\repository\com\fasterxml\jackson\core\jackson-annotations\2.18.2\jackson-annotations-2.18.2.jar;C:\Users\Daemon 96\.m2\repository\com\fasterxml\jackson\core\jackson-core\2.18.2\jackson-core-2.18.2.jar;C:\Users\Daemon 96\.m2\repository\com\vladmihalcea\hibernate-types-52\2.10.4\hibernate-types-52-2.10.4.jar;C:\Users\Daemon 96\.m2\repository\com\fasterxml\jackson\module\jackson-module-jaxb-annotations\2.18.2\jackson-module-jaxb-annotations-2.18.2.jar;C:\Users\Daemon 96\.m2\repository\javax\xml\bind\jaxb-api\2.2.12\jaxb-api-2.2.12.jar
Launcher Type: SUN_STANDARD

[Global flags]
     intx CICompilerCount                          = 2                                         {product} {ergonomic}
     uint ConcGCThreads                            = 1                                         {product} {ergonomic}
     uint G1ConcRefinementThreads                  = 2                                         {product} {ergonomic}
   size_t G1HeapRegionSize                         = 1048576                                   {product} {ergonomic}
   size_t InitialHeapSize                          = 125829120                                 {product} {ergonomic}
   size_t MarkStackSize                            = 4194304                                   {product} {ergonomic}
   size_t MarkStackSizeMax                         = 536870912                                 {product} {ergonomic}
   size_t MaxHeapSize                              = 1983905792                                {product} {ergonomic}
   size_t MaxNewSize                               = 1190133760                                {product} {ergonomic}
   size_t MinHeapDeltaBytes                        = 1048576                                   {product} {ergonomic}
   size_t MinHeapSize                              = 8388608                                   {product} {ergonomic}
    uintx NonNMethodCodeHeapSize                   = 4096                                   {pd product} {ergonomic}
    uintx NonProfiledCodeHeapSize                  = 0                                      {pd product} {ergonomic}
     bool ProfileInterpreter                       = false                                  {pd product} {command line}
    uintx ProfiledCodeHeapSize                     = 0                                      {pd product} {ergonomic}
   size_t SoftMaxHeapSize                          = 1983905792                             {manageable} {ergonomic}
     intx TieredStopAtLevel                        = 1                                         {product} {command line}
     bool UseCompressedOops                        = true                           {product lp64_product} {ergonomic}
     bool UseG1GC                                  = true                                      {product} {ergonomic}
     bool UseLargePagesIndividualAllocation        = false                                  {pd product} {ergonomic}

Logging:
Log output configuration:
 #0: stdout all=warning uptime,level,tags foldmultilines=false
 #1: stderr all=off uptime,level,tags foldmultilines=false

Environment Variables:
PATH=C:\Windows\system32;C:\Windows;C:\Windows\System32\Wbem;C:\Windows\System32\WindowsPowerShell\v1.0\;C:\Windows\System32\OpenSSH\;C:\Program Files\Git\cmd;C:\Program Files\Java\jdk-23.0.2\bin;C:\Program Files\Java\apache-maven-3.9.9\bin;C:\nvm;C:\nvm\nodejs;C:\nvm;C:\Program Files\Redis;C:\Program Files\PostgreSQL\16\bin;C:\MinGW\bin;C:\Users\Daemon 96\AppData\Local\Programs\Python\Python313\Scripts\;C:\Users\Daemon 96\AppData\Local\Programs\Python\Python313\;C:\Users\Daemon 96\AppData\Local\Microsoft\WindowsApps;C:\Users\Daemon 96\AppData\Local\Programs\Microsoft VS Code\bin;C:\Users\Daemon 96\AppData\Local\Programs\Ollama;C:\Users\Daemon 96\AppData\Roaming\npm;C:\nvm;C:\nvm\nodejs;C:\nvm\v18.20.8;C:\nvm\v21.6.0;
USERNAME=Daemon 96
OS=Windows_NT
PROCESSOR_IDENTIFIER=Intel64 Family 6 Model 61 Stepping 4, GenuineIntel
TMP=C:\Users\DAEMON~1\AppData\Local\Temp
TEMP=C:\Users\DAEMON~1\AppData\Local\Temp




Periodic native trim disabled

---------------  S Y S T E M  ---------------

OS:
 Windows 11 , 64 bit Build 22621 (10.0.22621.5415)
OS uptime: 0 days 23:10 hours
Hyper-V role detected

CPU: total 2 (initial active 2) (2 cores per cpu, 1 threads per core) family 6 model 61 stepping 4 microcode 0x2f, cx8, cmov, fxsr, mmx, 3dnowpref, sse, sse2, sse3, ssse3, sse4.1, sse4.2, popcnt, lzcnt, tsc, tscinvbit, erms, clmul, clflush, hv, rdtscp
Processor Information for the first 2 processors :
  Max Mhz: 1501, Current Mhz: 1500, Mhz Limit: 1485

Memory: 4k page, system-wide physical 7567M (931M free)
TotalPageFile size 14223M (AvailPageFile size 3390M)
current process WorkingSet (physical memory assigned to process): 175M, peak: 261M
current process commit charge ("private bytes"): 289M, peak: 294M

vm_info: Java HotSpot(TM) 64-Bit Server VM (23.0.2+7-58) for windows-amd64 JRE (23.0.2+7-58), built on 2024-11-29T09:34:55Z with MS VC++ 17.6 (VS2022)

END.
